<?xml version="1.0" ?>
<rooms>
	<room variant="5000" name="" type="1" subtype="0" shape="1" width="13" height="7" difficulty="5" weight="99.0">
		<door exists="True" x="-1" y="3"/>
		<door exists="True" x="6" y="-1"/>
		<door exists="True" x="6" y="7"/>
		<door exists="True" x="13" y="3"/>
		<spawn x="0" y="0">
			<entity type="405" variant="0" subtype="0" weight="1.0"/>
			<entity type="908" variant="0" subtype="0" weight="1.0"/>
		</spawn>
		<spawn x="1" y="0">
			<entity type="3000" variant="0" subtype="0" weight="1.0"/>
		</spawn>
		<spawn x="11" y="0">
			<entity type="3000" variant="0" subtype="0" weight="1.0"/>
		</spawn>
		<spawn x="12" y="0">
			<entity type="405" variant="0" subtype="0" weight="1.0"/>
			<entity type="908" variant="0" subtype="0" weight="1.0"/>
		</spawn>
		<spawn x="0" y="1">
			<entity type="3000" variant="0" subtype="0" weight="1.0"/>
		</spawn>
		<spawn x="12" y="1">
			<entity type="3000" variant="0" subtype="0" weight="1.0"/>
		</spawn>
		<spawn x="6" y="3">
			<entity type="29" variant="2" subtype="0" weight="1.0"/>
		</spawn>
		<spawn x="0" y="5">
			<entity type="3000" variant="0" subtype="0" weight="1.0"/>
		</spawn>
		<spawn x="12" y="5">
			<entity type="3000" variant="0" subtype="0" weight="1.0"/>
		</spawn>
		<spawn x="0" y="6">
			<entity type="405" variant="0" subtype="0" weight="1.0"/>
			<entity type="908" variant="0" subtype="0" weight="1.0"/>
		</spawn>
		<spawn x="1" y="6">
			<entity type="3000" variant="0" subtype="0" weight="1.0"/>
		</spawn>
		<spawn x="11" y="6">
			<entity type="3000" variant="0" subtype="0" weight="1.0"/>
		</spawn>
		<spawn x="12" y="6">
			<entity type="405" variant="0" subtype="0" weight="1.0"/>
			<entity type="908" variant="0" subtype="0" weight="1.0"/>
		</spawn>
	</room>
	<room variant="5001" name=" (copy)" type="1" subtype="0" shape="1" width="13" height="7" difficulty="5" weight="99.0">
		<door exists="True" x="-1" y="3"/>
		<door exists="True" x="6" y="-1"/>
		<door exists="True" x="6" y="7"/>
		<door exists="True" x="13" y="3"/>
		<spawn x="5" y="2">
			<entity type="20" variant="0" subtype="0" weight="1.0"/>
			<entity type="404" variant="0" subtype="0" weight="1.0"/>
		</spawn>
		<spawn x="7" y="2">
			<entity type="20" variant="0" subtype="0" weight="1.0"/>
			<entity type="404" variant="0" subtype="0" weight="1.0"/>
		</spawn>
		<spawn x="6" y="3">
			<entity type="20" variant="0" subtype="0" weight="1.0"/>
			<entity type="404" variant="0" subtype="0" weight="1.0"/>
		</spawn>
		<spawn x="5" y="4">
			<entity type="20" variant="0" subtype="0" weight="1.0"/>
			<entity type="404" variant="0" subtype="0" weight="1.0"/>
		</spawn>
		<spawn x="7" y="4">
			<entity type="20" variant="0" subtype="0" weight="1.0"/>
			<entity type="404" variant="0" subtype="0" weight="1.0"/>
		</spawn>
	</room>
	<room variant="5002" name=" (copy) (copy)" type="1" subtype="0" shape="1" width="13" height="7" difficulty="5" weight="99.0">
		<door exists="True" x="-1" y="3"/>
		<door exists="True" x="6" y="-1"/>
		<door exists="True" x="6" y="7"/>
		<door exists="True" x="13" y="3"/>
		<spawn x="1" y="0">
			<entity type="212" variant="3" subtype="0" weight="1.0"/>
			<entity type="882" variant="0" subtype="0" weight="1.0"/>
		</spawn>
		<spawn x="5" y="2">
			<entity type="60" variant="2" subtype="0" weight="1.0"/>
			<entity type="285" variant="0" subtype="0" weight="1.0"/>
		</spawn>
		<spawn x="6" y="2">
			<entity type="60" variant="2" subtype="0" weight="1.0"/>
		</spawn>
		<spawn x="7" y="2">
			<entity type="60" variant="2" subtype="0" weight="1.0"/>
		</spawn>
		<spawn x="5" y="3">
			<entity type="60" variant="2" subtype="0" weight="1.0"/>
			<entity type="244" variant="3" subtype="0" weight="1.0"/>
		</spawn>
		<spawn x="6" y="3">
			<entity type="60" variant="2" subtype="0" weight="1.0"/>
			<entity type="813" variant="0" subtype="0" weight="1.0"/>
			<entity type="805" variant="0" subtype="0" weight="1.0"/>
		</spawn>
		<spawn x="7" y="3">
			<entity type="60" variant="2" subtype="0" weight="1.0"/>
			<entity type="244" variant="3" subtype="0" weight="1.0"/>
		</spawn>
		<spawn x="5" y="4">
			<entity type="60" variant="2" subtype="0" weight="1.0"/>
		</spawn>
		<spawn x="6" y="4">
			<entity type="60" variant="2" subtype="0" weight="1.0"/>
		</spawn>
		<spawn x="7" y="4">
			<entity type="60" variant="2" subtype="0" weight="1.0"/>
			<entity type="285" variant="0" subtype="0" weight="1.0"/>
		</spawn>
		<spawn x="11" y="6">
			<entity type="212" variant="3" subtype="0" weight="1.0"/>
			<entity type="882" variant="0" subtype="0" weight="1.0"/>
		</spawn>
	</room>
	<room variant="5003" name=" (copy) (copy) (copy)" type="1" subtype="0" shape="1" width="13" height="7" difficulty="5" weight="99.0">
		<door exists="True" x="-1" y="3"/>
		<door exists="True" x="6" y="-1"/>
		<door exists="True" x="6" y="7"/>
		<door exists="True" x="13" y="3"/>
		<spawn x="0" y="0">
			<entity type="268" variant="0" subtype="0" weight="1.0"/>
		</spawn>
		<spawn x="2" y="0">
			<entity type="268" variant="0" subtype="0" weight="1.0"/>
			<entity type="212" variant="0" subtype="0" weight="1.0"/>
			<entity type="212" variant="2" subtype="0" weight="1.0"/>
		</spawn>
		<spawn x="10" y="0">
			<entity type="268" variant="0" subtype="0" weight="1.0"/>
			<entity type="212" variant="0" subtype="0" weight="1.0"/>
			<entity type="212" variant="2" subtype="0" weight="1.0"/>
		</spawn>
		<spawn x="12" y="0">
			<entity type="268" variant="0" subtype="0" weight="1.0"/>
		</spawn>
		<spawn x="6" y="3">
			<entity type="4500" variant="9" subtype="0" weight="1.0"/>
			<entity type="5" variant="300" subtype="39" weight="1.0"/>
			<entity type="5" variant="300" subtype="39" weight="1.0"/>
			<entity type="5" variant="300" subtype="39" weight="1.0"/>
		</spawn>
		<spawn x="0" y="6">
			<entity type="268" variant="0" subtype="0" weight="1.0"/>
		</spawn>
		<spawn x="2" y="6">
			<entity type="268" variant="0" subtype="0" weight="1.0"/>
			<entity type="212" variant="0" subtype="0" weight="1.0"/>
			<entity type="212" variant="2" subtype="0" weight="1.0"/>
		</spawn>
		<spawn x="10" y="6">
			<entity type="268" variant="0" subtype="0" weight="1.0"/>
			<entity type="212" variant="0" subtype="0" weight="1.0"/>
			<entity type="212" variant="2" subtype="0" weight="1.0"/>
		</spawn>
		<spawn x="12" y="6">
			<entity type="268" variant="0" subtype="0" weight="1.0"/>
		</spawn>
	</room>
	<room variant="5004" name=" (copy) (copy) (copy) (copy)" type="1" subtype="0" shape="1" width="13" height="7" difficulty="5" weight="99.0">
		<door exists="True" x="-1" y="3"/>
		<door exists="True" x="6" y="-1"/>
		<door exists="True" x="6" y="7"/>
		<door exists="True" x="13" y="3"/>
		<spawn x="0" y="0">
			<entity type="218" variant="0" subtype="1" weight="1.0"/>
			<entity type="864" variant="0" subtype="0" weight="1.0"/>
			<entity type="404" variant="0" subtype="0" weight="1.0"/>
			<entity type="405" variant="0" subtype="0" weight="1.0"/>
		</spawn>
		<spawn x="1" y="0">
			<entity type="3000" variant="0" subtype="0" weight="1.0"/>
			<entity type="33" variant="0" subtype="0" weight="1.0"/>
		</spawn>
		<spawn x="0" y="1">
			<entity type="3000" variant="0" subtype="0" weight="1.0"/>
			<entity type="33" variant="0" subtype="0" weight="1.0"/>
		</spawn>
		<spawn x="5" y="2">
			<entity type="920" variant="0" subtype="0" weight="1.0"/>
			<entity type="212" variant="0" subtype="0" weight="1.0"/>
		</spawn>
		<spawn x="7" y="2">
			<entity type="920" variant="0" subtype="0" weight="1.0"/>
			<entity type="212" variant="0" subtype="0" weight="1.0"/>
		</spawn>
		<spawn x="6" y="3">
			<entity type="78" variant="0" subtype="0" weight="1.0"/>
			<entity type="78" variant="1" subtype="0" weight="1.0"/>
		</spawn>
		<spawn x="5" y="4">
			<entity type="920" variant="0" subtype="0" weight="1.0"/>
			<entity type="212" variant="0" subtype="0" weight="1.0"/>
		</spawn>
		<spawn x="7" y="4">
			<entity type="920" variant="0" subtype="0" weight="1.0"/>
			<entity type="212" variant="0" subtype="0" weight="1.0"/>
		</spawn>
		<spawn x="12" y="5">
			<entity type="3000" variant="0" subtype="0" weight="1.0"/>
			<entity type="33" variant="0" subtype="0" weight="1.0"/>
		</spawn>
		<spawn x="11" y="6">
			<entity type="3000" variant="0" subtype="0" weight="1.0"/>
			<entity type="33" variant="0" subtype="0" weight="1.0"/>
		</spawn>
		<spawn x="12" y="6">
			<entity type="218" variant="0" subtype="3" weight="1.0"/>
			<entity type="864" variant="0" subtype="0" weight="1.0"/>
			<entity type="404" variant="0" subtype="0" weight="1.0"/>
			<entity type="405" variant="0" subtype="0" weight="1.0"/>
		</spawn>
	</room>
	<room variant="5005" name=" (copy) (copy) (copy) (copy) (copy)" type="1" subtype="0" shape="1" width="13" height="7" difficulty="5" weight="99.0">
		<door exists="True" x="-1" y="3"/>
		<door exists="True" x="6" y="-1"/>
		<door exists="True" x="6" y="7"/>
		<door exists="True" x="13" y="3"/>
		<spawn x="0" y="0">
			<entity type="62" variant="3" subtype="0" weight="1.0"/>
		</spawn>
		<spawn x="5" y="0">
			<entity type="3000" variant="0" subtype="0" weight="1.0"/>
			<entity type="1930" variant="0" subtype="0" weight="1.0"/>
		</spawn>
		<spawn x="12" y="0">
			<entity type="3000" variant="0" subtype="0" weight="1.0"/>
			<entity type="1930" variant="0" subtype="0" weight="1.0"/>
		</spawn>
		<spawn x="4" y="1">
			<entity type="3000" variant="0" subtype="0" weight="1.0"/>
			<entity type="1930" variant="0" subtype="0" weight="1.0"/>
		</spawn>
		<spawn x="11" y="1">
			<entity type="3000" variant="0" subtype="0" weight="1.0"/>
			<entity type="1930" variant="0" subtype="0" weight="1.0"/>
		</spawn>
		<spawn x="3" y="2">
			<entity type="3000" variant="0" subtype="0" weight="1.0"/>
			<entity type="1010" variant="0" subtype="0" weight="1.0"/>
		</spawn>
		<spawn x="10" y="2">
			<entity type="3000" variant="0" subtype="0" weight="1.0"/>
			<entity type="1930" variant="0" subtype="0" weight="1.0"/>
		</spawn>
		<spawn x="2" y="3">
			<entity type="3000" variant="0" subtype="0" weight="1.0"/>
			<entity type="1930" variant="0" subtype="0" weight="1.0"/>
		</spawn>
		<spawn x="6" y="3">
			<entity type="1010" variant="0" subtype="0" weight="1.0"/>
			<entity type="33" variant="1" subtype="0" weight="1.0"/>
			<entity type="33" variant="0" subtype="0" weight="1.0"/>
			<entity type="33" variant="3" subtype="0" weight="1.0"/>
			<entity type="33" variant="2" subtype="0" weight="1.0"/>
			<entity type="1490" variant="0" subtype="0" weight="1.0"/>
			<entity type="5000" variant="0" subtype="0" weight="1.0"/>
		</spawn>
		<spawn x="9" y="3">
			<entity type="3000" variant="0" subtype="0" weight="1.0"/>
			<entity type="1010" variant="0" subtype="0" weight="1.0"/>
		</spawn>
		<spawn x="1" y="4">
			<entity type="3000" variant="0" subtype="0" weight="1.0"/>
			<entity type="1930" variant="0" subtype="0" weight="1.0"/>
		</spawn>
		<spawn x="8" y="4">
			<entity type="3000" variant="0" subtype="0" weight="1.0"/>
			<entity type="1930" variant="0" subtype="0" weight="1.0"/>
		</spawn>
		<spawn x="7" y="5">
			<entity type="3000" variant="0" subtype="0" weight="1.0"/>
			<entity type="1930" variant="0" subtype="0" weight="1.0"/>
		</spawn>
		<spawn x="0" y="6">
			<entity type="970" variant="0" subtype="0" weight="1.0"/>
		</spawn>
		<spawn x="12" y="6">
			<entity type="62" variant="3" subtype="0" weight="1.0"/>
		</spawn>
	</room>
	<room variant="5006" name=" (copy) (copy) (copy) (copy) (copy) (copy)" type="1" subtype="0" shape="1" width="13" height="7" difficulty="5" weight="99.0">
		<door exists="True" x="-1" y="3"/>
		<door exists="True" x="6" y="-1"/>
		<door exists="True" x="6" y="7"/>
		<door exists="True" x="13" y="3"/>
		<spawn x="0" y="0">
			<entity type="287" variant="0" subtype="0" weight="1.0"/>
		</spawn>
		<spawn x="1" y="0">
			<entity type="970" variant="0" subtype="0" weight="1.0"/>
			<entity type="0" variant="10" subtype="0" weight="1.0"/>
		</spawn>
		<spawn x="2" y="0">
			<entity type="3000" variant="0" subtype="0" weight="1.0"/>
		</spawn>
		<spawn x="10" y="0">
			<entity type="3000" variant="0" subtype="0" weight="1.0"/>
		</spawn>
		<spawn x="12" y="0">
			<entity type="287" variant="0" subtype="0" weight="1.0"/>
		</spawn>
		<spawn x="0" y="1">
			<entity type="213" variant="0" subtype="0" weight="1.0"/>
		</spawn>
		<spawn x="12" y="1">
			<entity type="213" variant="0" subtype="0" weight="1.0"/>
		</spawn>
		<spawn x="2" y="2">
			<entity type="3000" variant="0" subtype="0" weight="1.0"/>
		</spawn>
		<spawn x="5" y="2">
			<entity type="4000" variant="0" subtype="0" weight="1.0"/>
			<entity type="33" variant="0" subtype="0" weight="1.0"/>
			<entity type="33" variant="1" subtype="0" weight="1.0"/>
		</spawn>
		<spawn x="6" y="2">
			<entity type="4000" variant="0" subtype="0" weight="1.0"/>
		</spawn>
		<spawn x="7" y="2">
			<entity type="4000" variant="0" subtype="0" weight="1.0"/>
			<entity type="33" variant="0" subtype="0" weight="1.0"/>
			<entity type="33" variant="1" subtype="0" weight="1.0"/>
		</spawn>
		<spawn x="10" y="2">
			<entity type="3000" variant="0" subtype="0" weight="1.0"/>
		</spawn>
		<spawn x="1" y="3">
			<entity type="5" variant="30" subtype="0" weight="1.0"/>
		</spawn>
		<spawn x="5" y="3">
			<entity type="4000" variant="0" subtype="0" weight="1.0"/>
		</spawn>
		<spawn x="6" y="3">
			<entity type="4500" variant="9" subtype="0" weight="1.0"/>
			<entity type="4500" variant="0" subtype="0" weight="1.0"/>
		</spawn>
		<spawn x="7" y="3">
			<entity type="4000" variant="0" subtype="0" weight="1.0"/>
		</spawn>
		<spawn x="11" y="3">
			<entity type="5" variant="30" subtype="0" weight="1.0"/>
		</spawn>
		<spawn x="2" y="4">
			<entity type="3000" variant="0" subtype="0" weight="1.0"/>
		</spawn>
		<spawn x="5" y="4">
			<entity type="4000" variant="0" subtype="0" weight="1.0"/>
			<entity type="33" variant="0" subtype="0" weight="1.0"/>
			<entity type="33" variant="1" subtype="0" weight="1.0"/>
		</spawn>
		<spawn x="6" y="4">
			<entity type="4000" variant="0" subtype="0" weight="1.0"/>
		</spawn>
		<spawn x="7" y="4">
			<entity type="4000" variant="0" subtype="0" weight="1.0"/>
			<entity type="33" variant="0" subtype="0" weight="1.0"/>
			<entity type="33" variant="1" subtype="0" weight="1.0"/>
		</spawn>
		<spawn x="10" y="4">
			<entity type="3000" variant="0" subtype="0" weight="1.0"/>
		</spawn>
		<spawn x="0" y="5">
			<entity type="213" variant="0" subtype="0" weight="1.0"/>
		</spawn>
		<spawn x="12" y="5">
			<entity type="213" variant="0" subtype="0" weight="1.0"/>
		</spawn>
		<spawn x="0" y="6">
			<entity type="287" variant="0" subtype="0" weight="1.0"/>
		</spawn>
		<spawn x="2" y="6">
			<entity type="3000" variant="0" subtype="0" weight="1.0"/>
		</spawn>
		<spawn x="10" y="6">
			<entity type="3000" variant="0" subtype="0" weight="1.0"/>
		</spawn>
		<spawn x="12" y="6">
			<entity type="287" variant="0" subtype="0" weight="1.0"/>
		</spawn>
	</room>
	<room variant="5007" name=" (copy) (copy) (copy) (copy) (copy) (copy) (copy)" type="1" subtype="0" shape="1" width="13" height="7" difficulty="5" weight="99.0">
		<door exists="True" x="-1" y="3"/>
		<door exists="True" x="6" y="-1"/>
		<door exists="True" x="6" y="7"/>
		<door exists="True" x="13" y="3"/>
		<spawn x="6" y="1">
			<entity type="1901" variant="0" subtype="0" weight="1.0"/>
		</spawn>
		<spawn x="5" y="2">
			<entity type="837" variant="0" subtype="0" weight="1.0"/>
		</spawn>
		<spawn x="6" y="2">
			<entity type="60" variant="0" subtype="0" weight="1.0"/>
		</spawn>
		<spawn x="7" y="2">
			<entity type="837" variant="0" subtype="0" weight="1.0"/>
		</spawn>
		<spawn x="5" y="3">
			<entity type="60" variant="0" subtype="0" weight="1.0"/>
		</spawn>
		<spawn x="6" y="3">
			<entity type="221" variant="0" subtype="0" weight="1.0"/>
			<entity type="402" variant="0" subtype="0" weight="1.0"/>
		</spawn>
		<spawn x="7" y="3">
			<entity type="60" variant="0" subtype="0" weight="1.0"/>
		</spawn>
		<spawn x="5" y="4">
			<entity type="837" variant="0" subtype="0" weight="1.0"/>
		</spawn>
		<spawn x="6" y="4">
			<entity type="60" variant="0" subtype="0" weight="1.0"/>
		</spawn>
		<spawn x="7" y="4">
			<entity type="837" variant="0" subtype="0" weight="1.0"/>
		</spawn>
		<spawn x="6" y="5">
			<entity type="1901" variant="0" subtype="0" weight="1.0"/>
		</spawn>
	</room>
</rooms>
