<sounds root="sfx/">
	<sound id="1">
		<sample weight="1" path="Feedback/1 up theremin.wav" />
	</sound>
	<sound id="2">
		<sample weight="1" path="bird flap.wav" />
		<sample weight="1" path="bird flap 2.wav" />
		<sample weight="1" path="bird flap 3.wav" />
	</sound>
	<sound id="3">
		<sample weight="1" path="blobby wiggle.wav" />
		<sample weight="1" path="blobby wiggle 2.wav" />
		<sample weight="1" path="blobby wiggle 3.wav" />
	</sound>
	<sound id="4">
		<sample weight="1" path="Loops/insect swarm.wav" />
	</sound>
	<sound id="5">
		<sample weight="1" path="V2/Blood Laser Medium 1.wav" />
		<sample weight="1" path="V2/Blood Laser Medium 2.wav" />
		<sample weight="1" path="V2/Blood Laser Medium 3.wav" />
	<!--
		<sample weight="1" path="blood laser short.wav" />
		<sample weight="1" path="blood laser short 2.wav" />
	-->
	</sound>
	<sound id="6">
		<sample weight="1" path="V2/Blood Laser Weak 1.wav" />
		<sample weight="1" path="V2/Blood Laser Weak 2.wav" />
		<sample weight="1" path="V2/Blood Laser Weak 3.wav" />
	</sound>
	<sound id="7">
	<!--
		<sample weight="1" path="blood laser long.wav" />
	-->
		<sample weight="1" path="V2/Blood Laser Medium 1.wav" />
		<sample weight="1" path="V2/Blood Laser Medium 2.wav" />
		<sample weight="1" path="V2/Blood Laser Medium 3.wav" />
	</sound>
	<sound id="8">
		<sample weight="1" path="Feedback/book page turn.wav" />
	</sound>
	<sound id="9">
		<sample weight="1" path="boss bug hiss.wav" />
	</sound>
	<sound id="10">
		<sample weight="1" path="V2/Blood Laser Strong 1.wav" />
		<sample weight="1" path="V2/Blood Laser Strong 2.wav" />
		<sample weight="1" path="V2/Blood Laser Strong 3.wav" />
	</sound>
	<sound id="11">
		<sample weight="1" path="boss gurgle roar.wav" />
	</sound>
	<sound id="12">
		<sample weight="1" path="boss gurgle lite.wav" />
	</sound>
	<sound id="13">
		<sample weight="1" path="boss lite hiss.wav" />
		<sample weight="1" path="boss lite hiss 2.wav" />
		<sample weight="1" path="boss lite hiss 3.wav" />
	</sound>
	<sound id="14">
		<sample weight="1" path="boss lite roar 1.wav" />
		<sample weight="1" path="boss lite roar 2.wav" />
		<sample weight="1" path="boss lite roar 3.wav" />
		<sample weight="1" path="boss lite roar 4.wav" />
	</sound>
	<sound id="15">
		<sample weight="1" path="boss lite sloppy roar.wav" />
		<sample weight="1" path="boss lite sloppy roar 2.wav" />
		<sample weight="1" path="boss lite sloppy roar 3.wav" />
	</sound>
	<sound id="16">
		<sample weight="1" path="boss spit blob barf 1.wav" />
		<sample weight="1" path="boss spit blob barf 2.wav" />
		<sample weight="1" path="boss spit blob barf 3.wav" />
	</sound>
	<sound id="17">
		<sample weight="1" path="V2/paper_in.wav" />
	</sound>
	<sound id="18">
		<sample weight="1" path="V2/paper_out.wav" />
	</sound>
	<sound id="21">
		<sample weight="1" path="Feedback/chest drop 1.wav" />
	</sound>
	<sound id="22">
		<sample weight="1" path="Feedback/chest open 1.wav" />
	</sound>
	<sound id="23">
		<sample weight="1" path="Feedback/choir.wav" />
	</sound>
	<sound id="24">
		<sample weight="1" path="Feedback/coin slot.wav" />
	</sound>
	<sound id="25">
		<sample weight="1" path="cute grunt.wav" />
		<sample weight="1" path="cute grunt 2.wav" />
		<sample weight="1" path="cute grunt 3.wav" />
	</sound>
	<sound id="27">
		<sample weight="1" path="V2/Bone_Death_5a.wav" />
		<sample weight="1" path="V2/Bone_Death_5b.wav" />
		<sample weight="1" path="V2/Bone_Death_5c.wav" />
		<sample weight="1" path="V2/Bone_Death_5d.wav" />
	</sound>
	<sound id="28">
		<sample weight="1" path="death_burst_large_0.wav" />
		<sample weight="1" path="death_burst_large_2.wav" />
	</sound>
	<sound id="29">
		<sample weight="1" path="death_reverse1.wav" />
		<sample weight="1" path="death_reverse2.wav" />
		<sample weight="1" path="death_reverse3.wav" />
	</sound>
	<sound id="30">
		<sample weight="1" path="death burst small.wav" />
		<sample weight="1" path="death burst small 2.wav" />
		<sample weight="1" path="death burst small 3.wav" />
	</sound>
	<sound id="33">
		<sample weight="1" path="Feedback/death card mix.wav" />
	</sound>
	<sound id="34">
		<sample weight="1" path="devil_card.wav" />
	</sound>
	<sound id="35">
		<sample weight="1" path="Feedback/door heavy close.wav" />
	</sound>
	<sound id="36">
		<sample weight="1" path="Feedback/door heavy open.wav" />
	</sound>
	<sound id="37">
		<sample weight="1" path="fart.wav" />
		<sample weight="1" path="fart 2.wav" />
		<sample weight="1" path="fart 3.wav" />
		<sample weight="1" path="fart 4.wav" />
		<sample weight="1" path="fart 5.wav" />
	</sound>
	<sound id="38">
		<sample weight="1" path="fetus jump.wav" />
		<sample weight="1" path="fetus jump 1.wav" />
	</sound>
	<sound id="40">
		<sample weight="1" path="fetus land.wav" />
		<sample weight="1" path="fetus land 1.wav" />
	</sound>
	<sound id="43">
		<sample weight="1" path="firedeath hiss.wav" />
	</sound>
	<sound id="44">
		<sample weight="1" path="floaty baby roar.wav" />
		<sample weight="1" path="floaty baby roar 2.wav" />
	</sound>
	<sound id="45">
		<sample weight="1" path="V2/CoinInsert.wav" />
	</sound>
	<sound id="46">
		<sample weight="1" path="V2/MetalDoorClose.wav" />
	</sound>
	<sound id="47">
		<sample weight="1" path="V2/MetalDoorOpen.wav" />
	</sound>
	<sound id="48">
		<sample weight="1" path="forest boss stomp.wav" />
		<sample weight="1" path="forest boss stomp 2.wav" />
		<sample weight="1" path="forest boss stomp 3.wav" />
	</sound>
	<sound id="49">
		<sample weight="1" path="Scythe Break.wav"/>
		<sample weight="1" path="Scythe Break 1.wav"/>
		<sample weight="1" path="Scythe Break 2.wav"/>
	</sound>
	<sound id="50">
		<sample weight="1" path="stone walker.wav"/>
		<sample weight="1" path="stone walker 2.wav"/>
	</sound>
	<sound id="51">
		<sample weight="1" path="gascan pour.wav" />
	</sound>
	<sound id="52">
		<sample weight="1" path="hellboss ground pound.wav" />
		<sample weight="1" path="hellboss ground pound 2.wav" />
	</sound>
	<sound id="53">
		<sample weight="1" path="glass break 01.wav" />
	</sound>
	<sound id="54">
		<sample weight="1" path="Feedback/holy!.wav" />
	</sound>
	<sound id="55">
		<sample weight="1" path="Player/hurt grunt .wav" />
		<sample weight="1" path="Player/hurt grunt 1.wav" />
		<sample weight="1" path="Player/hurt grunt 2.wav" />
	</sound>
	<sound id="56">
		<sample weight="1" path="child happy roar short.wav" />
		<sample weight="1" path="child happy roar short 2.wav" />
		<sample weight="1" path="child angry roar short.wav" />
	</sound>
	<sound id="57">
		<sample weight="1" path="child angry roar 1.wav" />
		<sample weight="1" path="child angry roar 2.wav" />
	</sound>
	<sound id="58">
		<sample weight="1" path="Feedback/key pickup guantlet 4.wav" />
	</sound>
	<sound id="59">
		<sample weight="1" path="Feedback/key drop 2.wav" />
	</sound>
	<sound id="60">
		<sample weight="1" path="Player/baby hurt 1.wav" />
		<sample weight="1" path="Player/baby hurt 2.wav" />
		<sample weight="1" path="Player/baby hurt 3.wav" />
	</sound>
	<sound id="64">
		<sample weight="1" path="maggot burst out.wav" />
		<sample weight="1" path="maggot burst out 2.wav" />
	</sound>
	<sound id="66">
		<sample weight="1" path="maggot enter ground .wav" />
		<sample weight="1" path="maggot enter ground 1.wav" />
	</sound>
	<sound id="68">
		<sample weight="1" path="meat feet slow.wav" />
	</sound>
	<sound id="69">
		<sample weight="1" path="meat impact.wav" />
		<sample weight="1" path="meat impacts 2.wav" />
		<sample weight="1" path="meat impacts 3.wav" />
	</sound>
	<sound id="70">
		<sample weight="1" path="V2/meat impact.wav" />
		<sample weight="1" path="V2/meat impacts 2.wav" />
		<sample weight="1" path="V2/meat impacts 3.wav" />
	</sound>
	<sound id="72">
		<sample weight="1" path="meat jumps0.wav" />
		<sample weight="1" path="meat jumps 1.wav" />
		<sample weight="1" path="meat jumps 2.wav" />
	</sound>
	<sound id="77">
		<sample weight="1" path="meaty deaths 0.wav" />
		<sample weight="1" path="meaty deaths 1.wav" />
		<sample weight="1" path="meaty deaths 2.wav" />
		<sample weight="1" path="meaty deaths 3.wav" />
		<sample weight="1" path="meaty deaths 4.wav" />
	</sound>
	<sound id="78">
		<sample weight="1" path="V2/pot_break_01.wav" />
		<sample weight="1" path="V2/pot_break_02.wav" />
		<sample weight="1" path="V2/pot_break_10.wav" />
	</sound>
	<sound id="79">
		<sample weight="1" path="V2/mushroom_break_01.wav" />
		<sample weight="1" path="V2/mushroom_break_02.wav" />
		<sample weight="1" path="V2/mushroom_break_03.wav" />
	</sound>
	<sound id="80">
		<sample weight="1" path="V2/black_heart_burst.wav" />
	</sound>
	<sound id="81">
		<sample weight="1" path="V2/clicker_static.wav" />
	</sound>
	<sound id="82">
		<sample weight="1" path="Mom/vox death.wav" />
	</sound>
	<sound id="84">
		<sample weight="1" path="Mom/evil laugh.wav" />
	</sound>
	<sound id="85">
		<sample weight="1" path="Mom/filter death 1.wav" />
	</sound>
	<sound id="86">
		<sample weight="1" path="Mom/filter evil laugh.wav" />
	</sound>
	<sound id="87">
		<sample weight="1" path="Mom/filter hurt.wav" />
		<sample weight="1" path="Mom/filter hurt 1.wav" />
		<sample weight="1" path="Mom/filter hurt 2.wav" />
	</sound>
	<sound id="90">
		<sample weight="1" path="Mom/mom muffle.wav" />
		<sample weight="1" path="Mom/mom muffle 2.wav" />
		<sample weight="1" path="Mom/mom muffle 3.wav" />
		<sample weight="1" path="Mom/mom muffle 4.wav" />
	</sound>
	<sound id="93">
		<sample weight="1" path="Mom/grunt.wav" />
		<sample weight="1" path="Mom/grunt 2.wav" />
		<sample weight="1" path="Mom/grunt 3.wav" />
		<sample weight="1" path="Mom/grunt 4.wav" />
	</sound>
	<sound id="97">
		<sample weight="1" path="Mom/hurt 1.wav" />
		<sample weight="1" path="Mom/hurt 2.wav" />
		<sample weight="1" path="Mom/hurt 3.wav" />
	</sound>
	<sound id="101">
		<sample weight="1" path="Mom/mom.wav" />
		<sample weight="1" path="Mom/mom2.wav" />
		<sample weight="1" path="Mom/mom3.wav" />
	</sound>
	<sound id="104">
		<sample weight="1" path="monster grunt.wav" />
		<sample weight="1" path="monster grunt b.wav" />
	</sound>
	<sound id="106">
		<sample weight="1" path="monster grunt 1a.wav" />
		<sample weight="1" path="monster grunt 1b.wav" />
	</sound>
	<sound id="108">
		<sample weight="1" path="monster grunt 2a.wav" />
		<sample weight="1" path="monster grunt 2b.wav" />
	</sound>
	<sound id="112">
		<sample weight="1" path="monster grunt 4a.wav" />
		<sample weight="1" path="monster grunt 4 b.wav" />
	</sound>
	<sound id="114">
		<sample weight="1" path="monster grunt 5.wav" />
		<sample weight="1" path="monster grunt 5b.wav" />
	</sound>
	<sound id="115">
		<sample weight="1" path="monster roar.wav" />
		<sample weight="1" path="monster roar 1.wav" />
	</sound>
	<sound id="116">
		<sample weight="1" path="monster roar 2.wav" />
		<sample weight="1" path="monster roar 3.wav" />
	</sound>
	<sound id="117">
		<sample weight="1" path="monster roar 4.wav" />
		<sample weight="1" path="monster roar 5.wav" />
	</sound>
	<sound id="118">
		<sample weight="1" path="monster roar 7.wav" />
		<sample weight="1" path="monster roar 8.wav" />
	</sound>
	<sound id="119">
		<sample weight="1" path="monster yell 1.wav" />
		<sample weight="1" path="monster yell 2.wav" />
	</sound>
	<sound id="122">
		<sample weight="1" path="monster yell b1.wav" />
		<sample weight="1" path="monster yell b5.wav" />
	</sound>
	<sound id="128">
		<sample weight="1" path="Feedback/power up1.wav" />
	</sound>
	<sound id="129">
		<sample weight="1" path="Feedback/power up 3.wav" />
		<sample weight="1" path="Feedback/power up 4.wav" />
	</sound>
	<sound id="130">
		<sample weight="1" path="Feedback/power up 7.wav" />
	</sound>
	<sound id="132">
		<sample weight="1" path="Feedback/power up spewer.wav" />
	</sound>
	<sound id="133">
		<sample weight="1" path="V2/RedLightning_Medium1.wav" />
		<sample weight="1" path="V2/RedLightning_Medium3.wav" />
		<sample weight="1" path="V2/RedLightning_Medium4.wav" />
		<sample weight="1" path="V2/RedLightning_Medium6.wav" />
	</sound>
	<sound id="134">
		<sample weight="1" path="V2/RedLightning_Weak1.wav" />
		<sample weight="1" path="V2/RedLightning_Weak5.wav" />
		<sample weight="1" path="V2/RedLightning_Weak9.wav" />
		<sample weight="1" path="V2/RedLightning_Weak13.wav" />
	</sound>
	<sound id="135">
		<sample weight="1" path="V2/RedLightning_Strong1.wav" />
		<sample weight="1" path="V2/RedLightning_Strong2.wav" />
		<sample weight="1" path="V2/RedLightning_Strong3.wav" />
	</sound>
	<sound id="136">
		<sample weight="1" path="V2/RedLightning_Burst01.wav" />
		<sample weight="1" path="V2/RedLightning_Burst02.wav" />
		<sample weight="1" path="V2/RedLightning_Burst03.wav" />
	</sound>
	<sound id="137">
		<sample weight="1" path="rock crumble 0.wav" />
		<sample weight="1" path="rock crumble 2.wav" />
		<sample weight="1" path="rock crumble 3.wav" />
	</sound>
	<sound id="138">
		<sample weight="1" path="pot breaking sound.wav" />
		<sample weight="1" path="pot breaking sound 2.wav" />
		<sample weight="1" path="pot breaking sound 3.wav" />
	</sound>
	<sound id="139">
		<sample weight="1" path="mushroom poof.wav" />
		<sample weight="1" path="mushroom poof 2.wav" />
	</sound>
	<sound id="141">
		<sample weight="1" path="rocket blast death 1.wav" />
	</sound>
	<sound id="142">
		<sample weight="1" path="large chew.wav" />
	</sound>
	<sound id="143">
		<sample weight="1" path="scared whimper.wav" />
		<sample weight="1" path="scared whimper 2.wav" />
	</sound>
	<sound id="146">
		<sample weight="1" path="shakey kid roar.wav" />
		<sample weight="1" path="shakey kid roar 2.wav" />
	</sound>
	<sound id="149">
		<sample weight="1" path="sink drain gurgle.wav" />
	</sound>
	<sound id="150">
		<sample weight="1" path="tear block.wav" />
	</sound>
	<sound id="153">
		<sample weight="1" path="tear fire 4.wav" />
		<sample weight="1" path="tear fire 5.wav" />
	</sound>
	<sound id="156">
		<sample weight="1" path="Feedback/unlock.wav" />
	</sound>
	<sound id="157">
		<sample weight="1" path="vamp.wav" />
	</sound>
	<sound id="158">
		<sample weight="1" path="fly cough.wav" />
		<sample weight="1" path="fly cough 2.wav" />
		<sample weight="1" path="fly cough 3.wav" />
		<sample weight="1" path="fly cough 4.wav" />
	</sound>
	<sound id="159">
		<sample weight="1" path="spider coughs.wav" />
	</sound>
	<sound id="160">
		<sample weight="1" path="V2/portal_start_01.wav" />
		<sample weight="1" path="V2/portal_start_02.wav" />
		<sample weight="1" path="V2/portal_start_03.wav" />
	</sound>
	<sound id="161">
		<sample weight="1" path="V2/portal_loop.wav" />
	</sound>
	<sound id="162">
		<sample weight="1" path="V2/portal_emerge_01.wav" />
		<sample weight="1" path="V2/portal_emerge_02.wav" />
		<sample weight="1" path="V2/portal_emerge_03.wav" />
	</sound>
	<sound id="163">
		<sample weight="1" path="V2/tar_loop.wav" />
	</sound>
	<sound id="165">
		<sample weight="1" path="zombie walker kid.wav" />
		<sample weight="1" path="zombie walker kid 2.wav" />
	</sound>
	<sound id="166">
		<sample weight="1" path="animal squish.wav" />
		<sample weight="1" path="animal squish 1.wav" />
		<sample weight="1" path="animal squish 2.wav" />
	</sound>
	<sound id="167">
		<sample weight="1" path="angry gurgle 1.wav" />
		<sample weight="1" path="angry gurgle 2.wav" />
	</sound>
	<sound id="169">
		<sample weight="1" path="Feedback/band aid pick up.wav" />
	</sound>
	<sound id="170">
		<sample weight="1" path="Feedback/battery charge.wav" />
	</sound>
	<sound id="171">
		<sample weight="1" path="Feedback/beep.wav" />
	</sound>
	<sound id="172">
		<sample weight="1" path="V2/light_bolt_02.wav" />
		<sample weight="1" path="V2/light_bolt_03.wav" />
		<sample weight="1" path="V2/light_bolt_04.wav" />
	</sound>
	<sound id="173">
		<sample weight="1" path="V2/light_bolt_delayed_01.wav" />
		<sample weight="1" path="V2/light_bolt_delayed_02.wav" />
		<sample weight="1" path="V2/light_bolt_delayed_06.wav" />
	</sound>
	<sound id="174">
		<sample weight="1" path="Feedback/blood bank touched.wav" />
	</sound>
	<sound id="175">
		<sample weight="1" path="Feedback/blood bank spawn.wav" />
	</sound>
	<sound id="178">
		<sample weight="1" path="blood fire.wav" />
		<sample weight="1" path="blood fire 2.wav" />
		<sample weight="1" path="blood fire 3.wav" />
		<sample weight="1" path="blood fire 4.wav" />
	</sound>
	<sound id="181">
		<sample weight="1" path="boil hatch.wav" />
	</sound>
	<sound id="182">
		<sample weight="1" path="boss explosions 0.wav" />
		<sample weight="1" path="boss explosions 1.wav" />
		<sample weight="1" path="boss expolsions 2.wav" />
	</sound>
	<sound id="183">
		<sample weight="1" path="explosion_weak1.wav" />
		<sample weight="1" path="explosion_weak2.wav" />
		<sample weight="1" path="explosion_weak3.wav" />
	</sound>
	<sound id="184">
		<sample weight="1" path="explosion_strong1.wav" />
		<sample weight="1" path="explosion_strong2.wav" />
		<sample weight="1" path="explosion_strong3.wav" />
	</sound>
	<sound id="185">
		<sample weight="1" path="boss 2 bubbles.wav" />
		<sample weight="1" path="boss 2 bubbles 1.wav" />
	</sound>
	<sound id="186">
		<sample weight="1" path="explosion_debris1.wav" />
		<sample weight="1" path="explosion_debris2.wav" />
		<sample weight="1" path="explosion_debris3.wav" />
	</sound>
	<sound id="187">
		<sample weight="1" path="Feedback/boss 2 intro errorbuzz.wav" />
	</sound>
	<sound id="190">
		<sample weight="1" path="Feedback/castleportcullis.wav" />
	</sound>
	<sound id="194">
		<sample weight="1" path="Feedback/character select left.wav" />
	</sound>
	<sound id="195">
		<sample weight="1" path="Feedback/character select right.wav" />
	</sound>
	<sound id="197">
		<sample weight="1" path="Player/derp 0.wav" />
		<sample weight="1" path="Player/derp 1.wav" />
	</sound>
	<sound id="198">
		<sample weight="1" path="Feedback/dime drop.wav" />
	</sound>
	<sound id="199">
		<sample weight="1" path="V2/Pickup_Dime_01.wav" />
	</sound>
	<sound id="200">
		<sample weight="1" path="V2/Pickup_Lucky_02.wav" />
	</sound>
	<sound id="201">
		<sample weight="1" path="fetus feet.wav" />
		<sample weight="1" path="fetus feet 2.wav" />
	</sound>
	<sound id="204">
		<sample weight="1" path="Feedback/golden key.wav" />
	</sound>
	<sound id="205">
		<sample weight="1" path="goo attach 1.wav" />
		<sample weight="1" path="goo attach 2.wav" />
	</sound>
	<sound id="207">
		<sample weight="1" path="goo death 0.wav" />
		<sample weight="1" path="goo death 1.wav" />
		<sample weight="1" path="goo death 2.wav" />
	</sound>
	<sound id="211">
		<sample weight="1" path="Satan/hand laser.wav" />
	</sound>
	<sound id="212">
		<sample weight="1" path="heartin.wav" />
	</sound>
	<sound id="213">
		<sample weight="1" path="heart out.wav" />
	</sound>
	<sound id="214">
		<sample weight="1" path="Feedback/hell portal.wav" />
	</sound>
	<sound id="215">
		<sample weight="1" path="Feedback/hell portal 2.wav" />
	</sound>
	<sound id="217">
		<sample weight="1" path="Player/isaac dies new.wav" />
		<sample weight="1" path="Player/isaac dies new 1.wav" />
		<sample weight="1" path="Player/isaac dies new 2.wav" />
	</sound>
	<sound id="218">
		<sample weight="1" path="Feedback/battery charge.wav" />
	</sound>
	<sound id="219">
		<sample weight="1" path="kiss lips .wav" />
	</sound>
	<sound id="221">
		<sample weight="1" path="leech.wav" />
		<sample weight="1" path="leech 2.wav" />
	</sound>
	<sound id="224">
		<sample weight="1" path="maggot1.wav" />
		<sample weight="1" path="maggot 2.wav" />
	</sound>
	<sound id="226">
		<sample weight="1" path="meat head shoot.wav" />
		<sample weight="1" path="meat head shoot 1.wav" />
		<sample weight="1" path="meat head shoot 2.wav" />
	</sound>
	<sound id="229">
		<sample weight="1" path="Feedback/lock break 1.wav" />
		<sample weight="1" path="Feedback/lock break 3.wav" />
	</sound>
	<sound id="231">
		<sample weight="1" path="Feedback/nickel drop.wav" />
	</sound>
	<sound id="232">
		<sample weight="1" path="V2/Pickup_Nickel_01.wav" />
	</sound>
	<sound id="233">
		<sample weight="1" path="Feedback/penny drop 1.wav" />
	</sound>
	<sound id="234">
		<sample weight="1" path="V2/Pickup_Penny_02.wav" />
	</sound>
	<sound id="237">
		<sample weight="1" path="plop.wav" />
	</sound>
	<sound id="238">
		<sample weight="1" path="Satan/satan appear.wav" />
	</sound>
	<sound id="239">
		<sample weight="1" path="Satan/satan blast 1.wav" />
		<sample weight="1" path="Satan/satan blast 2.wav" />
	</sound>
	<sound id="240">
		<sample weight="1" path="Satan/satan charge up.wav" />
		<sample weight="1" path="Satan/satan charge up 2.wav" />
	</sound>
	<sound id="241">
		<sample weight="1" path="Satan/satan grow.wav" />
	</sound>
	<sound id="242">
		<sample weight="1" path="Satan/satan hurt.wav" />
	</sound>
	<sound id="243">
		<sample weight="1" path="Satan/satan rise up.wav" />
	</sound>
	<sound id="245">
		<sample weight="1" path="Satan/satan spit.wav" />
		<sample weight="1" path="Satan/satan spit 2.wav" />
		<sample weight="1" path="Satan/satan spit 3.wav" />
	</sound>
	<sound id="246">
		<sample weight="1" path="Satan/satan stomp.wav" />
		<sample weight="1" path="Satan/satan stomp 2.wav" />
		<sample weight="1" path="Satan/satan stomp 3.wav" />
	</sound>
	<sound id="249">
		<sample weight="1" path="scamper 1.wav" />
		<sample weight="1" path="scamper 2.wav" />
	</sound>
	<sound id="252">
		<sample weight="1" path="shell game 0.wav" />
		<sample weight="1" path="shell game 1.wav" />
	</sound>
	<sound id="255">
		<sample weight="1" path="Feedback/slotspawn 0.wav" />
		<sample weight="1" path="Feedback/slotspawn1.wav" />
		<sample weight="1" path="Feedback/slotspawn 2.wav" />
	</sound>
	<sound id="258">
	<!--
    <sample weight="1" path="splatter 0.wav" />
		<sample weight="1" path="splatter 1.wav" />
		<sample weight="1" path="splatter 2.wav" />
	-->
		<sample weight="1" path="V2/splatter 0.wav" />
		<sample weight="1" path="V2/splatter 1.wav" />
		<sample weight="1" path="V2/splatter 2.wav" />
		<sample weight="1" path="V2/splatter 3.wav" />
		<sample weight="1" path="V2/splatter 4.wav" />
		<sample weight="1" path="V2/splatter 5.wav" />
		
	</sound>
	<sound id="261">
		<sample weight="1" path="steam half sec.wav" />
	</sound>
	<sound id="262">
		<sample weight="1" path="stone shoot .wav" />
		<sample weight="1" path="stone shoot 1.wav" />
		<sample weight="1" path="stone shoot 2.wav" />
	</sound>
	<sound id="263">
		<sample weight="1" path="wierd worm spit1.wav" />
		<sample weight="1" path="wierd worm spit2.wav" />
		<sample weight="1" path="wierd worm spit3.wav" />
	</sound>
	<sound id="265">
		<sample weight="1" path="Feedback/summonsound.wav" />
	</sound>
	<sound id="266">
		<sample weight="1" path="Feedback/superholy.wav" />
	</sound>
	<sound id="267">
		<sample weight="1" path="Feedback/thumbs down.wav" />
	</sound>
	<sound id="268">
		<sample weight="1" path="Feedback/thumbs up.wav" />
	</sound>
	<sound id="269">
		<sample weight="1" path="Loops/fire burning.wav" />
	</sound>
	<sound id="270">
		<sample weight="1" path="Feedback/happy rainbow with giggle.wav" />
	</sound>
	<sound id="271">
		<sample weight="1" path="LaserRing_Medium1.wav" />
		<sample weight="1" path="LaserRing_Medium2.wav" />
		<sample weight="1" path="LaserRing_Medium3.wav" />
	</sound>
	<sound id="272">
		<sample weight="1" path="LaserRing_Weak1.wav" />
		<sample weight="1" path="LaserRing_Weak2.wav" />
		<sample weight="1" path="LaserRing_Weak3.wav" />
	</sound>
	<sound id="273">
		<sample weight="1" path="LaserRing_Strong1.wav" />
		<sample weight="1" path="LaserRing_Strong2.wav" />
		<sample weight="1" path="LaserRing_Strong3.wav" />
	</sound>
	<sound id="274">
		<sample weight="1" path="cash_register.wav" />
	</sound>
	<sound id="275">
		<sample weight="1" path="V2/Angel_Wing1.wav" />
		<sample weight="1" path="V2/Angel_Wing2.wav" />
		<sample weight="1" path="V2/Angel_Wing3.wav" />
		<sample weight="1" path="V2/Angel_Wing4.wav" />
	</sound>
	<sound id="276">
		<sample weight="1" path="V2/Angel_Blast1.wav" />
		<sample weight="1" path="V2/Angel_Blast2.wav" />
	</sound>
	<sound id="277">
		<sample weight="1" path="V2/HolyShield_Shatter_02.wav"/>
	</sound>
	<sound id="278">
		<sample weight="1" path="V2/Blood Laser Long Start.wav" />
	</sound>
	<sound id="279">
		<sample weight="1" path="V2/Blood Laser Long Loop.wav" />
	</sound>
	<sound id="280">
		<sample weight="1" path="V2/Blood Laser Long End.wav" />
	</sound>
	<sound id="281">
		<sample weight="1" path="V2/Blood Laser Medium Loop.wav" />
	</sound>
	<sound id="282">
		<sample weight="1" path="V2/Menu_Scroll.wav" />
	</sound>
	<sound id="283">
		<sample weight="1" path="V2/Menu_NoteAppear.wav" />
	</sound>
	<sound id="284">
		<sample weight="1" path="V2/Menu_NoteHide.wav" />
	</sound>
	
	<sound id="286">
		<sample weight="1" path="V2/EnemyAppearSmoke01.wav" />
		<sample weight="1" path="V2/EnemyAppearSmoke02.wav" />
		<sample weight="1" path="V2/EnemyAppearSmoke03.wav" />
		<sample weight="1" path="V2/EnemyAppearSmoke04.wav" />
	</sound>
	<sound id="300">
		<sample weight="1" path="boo mad.wav" />
	</sound>
	<sound id="301">
		<sample weight="1" path="fart gurg.wav" />
		<sample weight="1" path="fart gurg 2.wav" />
	</sound>
	<sound id="302">
		<sample weight="1" path="fat grunt 1.wav" />
		<sample weight="1" path="fat grunt 2.wav" />
	</sound>
	<sound id="303">
		<sample weight="1" path="fat wiggle.wav" />
	</sound>
	<sound id="304">
		<sample weight="1" path="fire rush.wav" />
	</sound>
	<sound id="305">
		<sample weight="1" path="ghost roar.wav" />
	</sound>
	<sound id="306">
		<sample weight="1" path="ghost shoot 1.wav" />
		<sample weight="1" path="ghost shoot 2.wav" />
	</sound>
	<sound id="307">
		<sample weight="1" path="growl.wav" />
	</sound>
	<sound id="308">
		<sample weight="1" path="gurgbarf1.wav" />
		<sample weight="1" path="gurgbarf 2.wav" />
	</sound>
	<sound id="309">
		<sample weight="1" path="inhale.wav" />
	</sound>
	<sound id="310">
		<sample weight="1" path="low inhale.wav" />
	</sound>
	<sound id="311">
		<sample weight="1" path="megapuke.wav" />
	</sound>
	<sound id="312">
		<sample weight="1" path="mouth full.wav" />
	</sound>
	<sound id="313">
		<sample weight="1" path="mulit scream.wav" />
		<sample weight="1" path="multi scream.wav" />
	</sound>
	<sound id="314">
		<sample weight="1" path="skin pull 1.wav" />
		<sample weight="1" path="skin pull 2.wav" />
		<sample weight="1" path="skin pull 3.wav" />
	</sound>
	<sound id="315">
		<sample weight="1" path="ding whistle whistle.wav" />
	</sound>
	<sound id="316">
		<sample weight="1" path="death skull dying.wav" />
	</sound>
	<sound id="317">
		<sample weight="1" path="spider spit roar 0.wav" />
		<sample weight="1" path="spider spit roar 1.wav" />
		<sample weight="1" path="spider spit roar 2.wav" />
	</sound>
	<sound id="318">
		<sample weight="1" path="worm spit 1.wav" />
		<sample weight="1" path="worm spit 2.wav" />
		<sample weight="1" path="worm spit 3.wav" />
	</sound>
	<sound id="319">
		<sample weight="1" path="little spit 1.wav" />
		<sample weight="1" path="little spit 2.wav" />
		<sample weight="1" path="little spit 4.wav" />
	</sound>
	<sound id="320">
		<sample weight="1" path="Feedback/satan room appear.wav" />
	</sound>
	<sound id="321">
		<sample weight="1" path="heartbeat.wav" />
	</sound>
	<sound id="322">
		<sample weight="1" path="heartbeat faster.wav" />
	</sound>
	<sound id="323">
		<sample weight="1" path="heartbeat fastest.wav" />
	</sound>
	<sound id="324">
		<sample weight="1" path="Voiceover/48 Hr Energy 6.wav" />
	</sound>
	<sound id="325">
		<sample weight="1" path="Voiceover/Algiz 3.wav" />
	</sound>
	<sound id="326">
		<sample weight="1" path="Voiceover/Amnesia 2.wav" />
	</sound>
	<sound id="327">
		<sample weight="1" path="Voiceover/Ansuz 1.wav" />
	</sound>
	<sound id="328">
		<sample weight="1" path="Voiceover/Bad Gas 2.wav" />
	</sound>
	<sound id="329">
		<sample weight="1" path="Voiceover/Bad Trip 1.wav" />
	</sound>
	<sound id="330">
		<sample weight="1" path="Voiceover/Balls of Steel 4.wav" />
	</sound>
	<sound id="331">
		<sample weight="1" path="Voiceover/Berkano 3.wav" />
	</sound>
	<sound id="332">
		<sample weight="1" path="Voiceover/Bombs Are Key 1.wav" />
	</sound>
	<sound id="333">
		<sample weight="1" path="Voiceover/Card Against Humanity 3.wav" />
	</sound>
	<sound id="334">
		<sample weight="1" path="Voiceover/Chaos Card 2.wav" />
	</sound>
	<sound id="335">
		<sample weight="1" path="Voiceover/Credit Card 2.wav" />
	</sound>
	<sound id="336">
		<sample weight="1" path="Voiceover/Dagaz 3.wav" />
	</sound>
	<sound id="337">
		<sample weight="1" path="Voiceover/Death 3.wav" />
	</sound>
	<sound id="338">
		<sample weight="1" path="Voiceover/Ehwaz 1.wav" />
	</sound>
	<sound id="339">
		<sample weight="1" path="Voiceover/Explosive Diahhrea 2.wav" />
	</sound>
	<sound id="340">
		<sample weight="1" path="Voiceover/Full Health 1.wav" />
	</sound>
	<sound id="341">
		<sample weight="1" path="Voiceover/Hagalaz 3.wav" />
	</sound>
	<sound id="342">
		<sample weight="1" path="Voiceover/Health Down 2.wav" />
	</sound>
	<sound id="343">
		<sample weight="1" path="Voiceover/Health Up 1.wav" />
	</sound>
	<sound id="344">
		<sample weight="1" path="Voiceover/Hematemisis 1.wav" />
	</sound>
	<sound id="345">
		<sample weight="1" path="Voiceover/I Found Pills 3.wav" />
	</sound>
	<sound id="346">
		<sample weight="1" path="Voiceover/Jera 2.wav" />
	</sound>
	<sound id="347">
		<sample weight="1" path="Voiceover/Joker 3.wav" />
	</sound>
	<sound id="348">
		<sample weight="1" path="Voiceover/Judgement 3.wav" />
	</sound>
	<sound id="349">
		<sample weight="1" path="Voiceover/Justice 3.wav" />
	</sound>
	<sound id="350">
		<sample weight="1" path="Voiceover/Lemon Party 1.wav" />
	</sound>
	<sound id="351">
		<sample weight="1" path="Voiceover/Luck Down 2.wav" />
	</sound>
	<sound id="352">
		<sample weight="1" path="Voiceover/Luck Up 1.wav" />
	</sound>
	<sound id="353">
		<sample weight="1" path="Voiceover/Paralysis 3.wav" />
	</sound>
	<sound id="354">
		<sample weight="1" path="Voiceover/Perthro 1.wav" />
	</sound>
	<sound id="355">
		<sample weight="1" path="Voiceover/Pheromones 2.wav" />
	</sound>
	<sound id="356">
		<sample weight="1" path="Voiceover/Pretty Fly 5.wav" />
	</sound>
	<sound id="357">
		<sample weight="1" path="Voiceover/Puberty 1.wav" />
	</sound>
	<sound id="358">
		<sample weight="1" path="Voiceover/R U A WIZ 2.wav" />
	</sound>
	<sound id="359">
		<sample weight="1" path="Voiceover/Range Down 2.wav" />
	</sound>
	<sound id="360">
		<sample weight="1" path="Voiceover/Range Up 1.wav" />
	</sound>
	<sound id="361">
		<sample weight="1" path="Voiceover/Rules Card 1.wav" />
	</sound>
	<sound id="362">
		<sample weight="1" path="Voiceover/See 4Ever 1.wav" />
		<sample weight="1" path="Voiceover/See 4ever 2.wav" />
	</sound>
	<sound id="363">
		<sample weight="1" path="Voiceover/Speed Down 2.wav" />
	</sound>
	<sound id="364">
		<sample weight="1" path="Voiceover/Speed Up 2.wav" />
	</sound>
	<sound id="365">
		<sample weight="1" path="Voiceover/Strength 1.wav" />
	</sound>
	<sound id="366">
		<sample weight="1" path="Voiceover/Suicide King 3.wav" />
	</sound>
	<sound id="367">
		<sample weight="1" path="Voiceover/Tears Down 5.wav" />
	</sound>
	<sound id="368">
		<sample weight="1" path="Voiceover/Tears Up 2.wav" />
	</sound>
	<sound id="369">
		<sample weight="1" path="Voiceover/Telepills 4.wav" />
	</sound>
	<sound id="370">
		<sample weight="1" path="Voiceover/Temperance 2.wav" />
	</sound>
	<sound id="371">
		<sample weight="1" path="Voiceover/The Chariot 3.wav" />
	</sound>
	<sound id="372">
		<sample weight="1" path="Voiceover/The Devil 2.wav" />
	</sound>
	<sound id="373">
		<sample weight="1" path="Voiceover/The Emporer 1.wav" />
	</sound>
	<sound id="374">
		<sample weight="1" path="Voiceover/The Empress 1.wav" />
	</sound>
	<sound id="375">
		<sample weight="1" path="Voiceover/The Fool 2.wav" />
	</sound>
	<sound id="376">
		<sample weight="1" path="Voiceover/The Hanged Man 1.wav" />
	</sound>
	<sound id="377">
		<sample weight="1" path="Voiceover/The Hermit 1.wav" />
	</sound>
	<sound id="378">
		<sample weight="1" path="Voiceover/The Hierophant 1.wav" />
	</sound>
	<sound id="379">
		<sample weight="1" path="Voiceover/The High Priestess 3.wav" />
	</sound>
	<sound id="380">
		<sample weight="1" path="Voiceover/The Lovers 1.wav" />
	</sound>
	<sound id="381">
		<sample weight="1" path="Voiceover/The Magician 2.wav" />
	</sound>
	<sound id="382">
		<sample weight="1" path="Voiceover/The Moon 3.wav" />
	</sound>
	<sound id="383">
		<sample weight="1" path="Voiceover/The Stars 1.wav" />
	</sound>
	<sound id="384">
		<sample weight="1" path="Voiceover/The Sun 3.wav" />
	</sound>
	<sound id="385">
		<sample weight="1" path="Voiceover/The Tower 3.wav" />
	</sound>
	<sound id="386">
		<sample weight="1" path="Voiceover/The World 1.wav" />
	</sound>
	<sound id="387">
		<sample weight="1" path="Voiceover/Two Of Clubs 2.wav" />
	</sound>
	<sound id="388">
		<sample weight="1" path="Voiceover/Two Of Diamonds 2.wav" />
	</sound>
	<sound id="389">
		<sample weight="1" path="Voiceover/Two Of Hearts 1.wav" />
	</sound>
	<sound id="390">
		<sample weight="1" path="Voiceover/Two Of Spades 1.wav" />
	</sound>
	<sound id="391">
		<sample weight="1" path="Voiceover/Wheel Of Fortune 1.wav" />
	</sound>
	
	<sound id="392">
		<sample weight="1" path="Ragman 1.wav" />
	</sound>
	<sound id="393">
		<sample weight="1" path="Ragman 2.wav" />
	</sound>
	<sound id="394">
		<sample weight="1" path="Ragman 3.wav" />
	</sound>
	<sound id="395">
		<sample weight="1" path="Ragman 4.wav" />
	</sound>
	
	<sound id="396">
		<sample weight="1" path="Flush.wav" />
	</sound>
	<sound id="397">
		<sample weight="1" path="Drip1.wav" />
		<sample weight="1" path="Drop2.wav" />
		<sample weight="1" path="Drop3.wav" />
	</sound>
	<sound id="398">
		<sample weight="1" path="WetFootstep1.wav" />
		<sample weight="1" path="WetFootstep2.wav" />
		<sample weight="1" path="WetFootstep3.wav" />
	</sound>
	
	<sound id="399">
		<sample weight="1" path="Voiceover/Addicted_01.wav" />
	</sound>
	<sound id="400">
		<sample weight="1" path="Voiceover/Dice Shard_04.wav" />
	</sound>
	<sound id="401">
		<sample weight="1" path="Voiceover/Emergency_03.wav" />
	</sound>
	<sound id="402">
		<sample weight="1" path="Voiceover/Infested!_02.wav" />
	</sound>
	<sound id="403">
		<sample weight="1" path="Voiceover/Infested_08.wav" />
	</sound>
	<sound id="404">
		<sample weight="1" path="Voiceover/Jail Card_04.wav" />
	</sound>
	<sound id="405">
		<sample weight="1" path="Voiceover/Larger_03.wav" />
	</sound>
	<sound id="406">
		<sample weight="1" path="Voiceover/Percs1.wav" />
	</sound>
	<sound id="407">
		<sample weight="1" path="Voiceover/Power Pill_09.wav" />
	</sound>
	<sound id="408">
		<sample weight="1" path="Voiceover/Q Mark_05.wav" />
	</sound>
	<sound id="409">
		<sample weight="1" path="Voiceover/Relax 1.wav" />
	</sound>
	<sound id="410">
		<sample weight="1" path="Voiceover/Retro_05.wav" />
	</sound>
	<sound id="411">
		<sample weight="1" path="Voiceover/Small_05.wav" />
	</sound>
	<sound id="412">
		<sample weight="1" path="Voiceover/___.wav" />
		<sample weight="1" path="Voiceover/___-2.wav" />
		<sample weight="1" path="Voiceover/___-3.wav" />
	</sound>
	
	<sound id="413">
		<sample weight="1" path="DangleWhistle.wav" />
	</sound>
	<sound id="414">
		<sample weight="1" path="LittlehornCough.wav" />
	</sound>
	<sound id="415">
		<sample weight="1" path="LittlehornGrunt1.wav" />
	</sound>
	<sound id="416">
		<sample weight="1" path="LittlehornGrunt2.wav" />
	</sound>
	<sound id="417">
		<sample weight="1" path="TheForsakenLaugh.wav" />
	</sound>
	<sound id="418">
		<sample weight="1" path="TheForsakenScream.wav" />
	</sound>
	<sound id="419">
		<sample weight="1" path="TheStainBurst.wav" />
	</sound>
	<sound id="420">
		<sample weight="1" path="BrownieLaugh1.wav" />
		<sample weight="1" path="BrownieLaugh2.wav" />
	</sound>
	<sound id="421">
		<sample weight="1" path="Cave Monster Roar.wav" />
	</sound>
	<sound id="422">
		<sample weight="1" path="Monster Roar 02.wav" />
	</sound>
	<sound id="423">
		<sample weight="1" path="Monster Roar 03.wav" />
	</sound>
	<sound id="424">
		<sample weight="1" path="Frail Charge.wav" />
	</sound>
	<sound id="425">
		<sample weight="1" path="Hush Charge.wav" />
	</sound>
	<sound id="426">
		<sample weight="1" path="Maw Of The Void.wav" />
	</sound>
	
	<sound id="427">
		<sample weight="1" path="Greed SFX/Coin Destruction/Coin Destroy.wav" />
	</sound>
	<sound id="428">
		<sample weight="1" path="Greed SFX/Coins Falling/Coins Falling 1.wav" />
		<sample weight="1" path="Greed SFX/Coins Falling/Coins Falling 2.wav" />
	</sound>
	<sound id="429">
		<sample weight="1" path="Greed SFX/Greed Death/Greed Death Scream4.wav" />
	</sound>
	<sound id="430">
		<sample weight="1" path="Greed SFX/Greed Death/Greed Turns to Gold.wav" />
	</sound>
	<sound id="431">
		<sample weight="1" path="Greed SFX/Greed Death/Greed Turns to Gold2.wav" />
	</sound>
	<sound id="432">
		<sample weight="1" path="Greed SFX/Greed Roar/Greed Roar1.wav" />
	</sound>
	<sound id="433">
		<sample weight="1" path="Greed SFX/Greed Roar/Greed Roar2.wav" />
	</sound>
	<sound id="434">
		<sample weight="1" path="Greed SFX/Greed Shooting/Spitting v1.wav" />
		<sample weight="1" path="Greed SFX/Greed Shooting/Spitting v2.wav" />
		<sample weight="1" path="Greed SFX/Greed Shooting/Spitting v3.wav" />
	</sound>
	<sound id="435">
		<sample weight="1" path="Greed SFX/Greed Slot Eyes/Pull Slot.wav" />
	</sound>
	<sound id="436">
		<sample weight="1" path="Greed SFX/Greed Slot Eyes/Spin Loop.wav" />
	</sound>
	<sound id="437">
		<sample weight="1" path="Greed SFX/Greed Slot Eyes/Stop.wav" />
	</sound>
	<sound id="438">
		<sample weight="1" path="Greed SFX/Greed Slot Eyes/Win Loop End Sound.wav" />
	</sound>
	<sound id="439">
		<sample weight="1" path="Greed SFX/Greed Slot Eyes/Win Loop.wav" />
	</sound>
	<sound id="440">
		<sample weight="1" path="Greed SFX/Greed Spinning Lariat SFX/Lasso_Spin_Fast_Loop_1a.wav" />
		<sample weight="1" path="Greed SFX/Greed Spinning Lariat SFX/Lasso_Spin_Fast_Loop_2a.wav" />
		<sample weight="1" path="Greed SFX/Greed Spinning Lariat SFX/Lasso_Spin_Slow_Loop_1a.wav" />
	</sound>
	<sound id="441">
		<sample weight="1" path="Dog Bark.wav" />
	</sound>
	<sound id="442">
		<sample weight="1" path="Dog Howell.wav" />
	</sound>
	<sound id="443">
		<sample weight="1" path="Voiceover/X Lax 2.wav" />
	</sound>
	<sound id="444">
		<sample weight="1" path="Voiceover/Wrong 1.wav" />
	</sound>
	<sound id="445">
		<sample weight="1" path="Voiceover/Vurp 1.wav" />
	</sound>
	<sound id="446">
		<sample weight="1" path="Voiceover/Sunshine 1.wav" />
	</sound>
	<sound id="447">
		<sample weight="1" path="Voiceover/Spades 2.wav" />
	</sound>
	<sound id="448">
		<sample weight="1" path="Voiceover/Horf 2.wav" />
	</sound>
	<sound id="449">
		<sample weight="1" path="Voiceover/Holy Card 2.wav" />
	</sound>
	<sound id="450">
		<sample weight="1" path="Voiceover/Hearts 1.wav" />
	</sound>
	<sound id="451">
		<sample weight="1" path="Voiceover/Gulp 1.wav" />
	</sound>
	<sound id="452">
		<sample weight="1" path="Voiceover/Friends 1.wav" />
	</sound>
	<sound id="453">
		<sample weight="1" path="Voiceover/Excited 1.wav" />
	</sound>
	<sound id="454">
		<sample weight="1" path="Voiceover/Drowsy 1.wav" />
	</sound>
	<sound id="455">
		<sample weight="1" path="Voiceover/Diamonds 1.wav" />
	</sound>
	<sound id="456">
		<sample weight="1" path="Voiceover/Clubs 1.wav" />
	</sound>
	<sound id="457">
		<sample weight="1" path="Voiceover/Black Rune 2.wav" />
	</sound>
	<sound id="458">
		<sample weight="1" path="V2/pop_impact_09.wav"/>
		<sample weight="1" path="V2/pop_impact_13.wav"/>
		<sample weight="1" path="V2/pop_impact_14.wav"/>
		<sample weight="1" path="V2/pop_impact_15.wav"/>
	</sound>
	<sound id="459">
		<sample weight="1" path="Spewer death scream 1.wav"/>
		<sample weight="1" path="Spewer death scream 4.wav"/>
	</sound>
	<sound id="460">
		<sample weight="1" path="Mom Footsteps.wav"/>
	</sound>
	<sound id="461">
		<sample weight="1" path="Bone Heart.wav"/>
	</sound>
	<sound id="462">
		<sample weight="1" path="Bone Snap.wav"/>
	</sound>
	<sound id="463">
		<sample weight="1" path="Shovel Drop.wav"/>
	</sound>
	<sound id="464">
		<sample weight="1" path="Shovel Dig.wav"/>
	</sound>
	<sound id="465">
		<sample weight="1" path="Gold Heart.wav"/>
	</sound>
	<sound id="466">
		<sample weight="1" path="Gold Heart Drop.wav"/>
	</sound>
	<sound id="467">
		<sample weight="1" path="Bone Drop.wav"/>
	</sound>
	<sound id="468">
		<sample weight="1" path="unholy!.wav"/>
	</sound>
	<sound id="469">
		<sample weight="1" path="Button Press.wav"/>
	</sound>
	<sound id="470">
		<sample weight="1" path="GoldenBomb.wav"/>
	</sound>
<!-- REPENTANCE BEGIN -->
	<sound id="471">
		<sample weight="1" path="candle_light.wav"/>
	</sound>
	<sound id="472">
		<sample weight="1" path="thunder1.wav"/>
		<sample weight="1" path="thunder2.wav"/>
		<sample weight="1" path="thunder3.wav"/>
		<sample weight="1" path="thunder4.wav"/>
	</sound>
	<sound id="473">
		<sample weight="1" path="water_flow_loop1.wav"/>
	</sound>
	<sound id="474">
		<sample weight="1" path="boss2_dive0.wav"/>
		<sample weight="1" path="boss2_dive3.wav"/>
	</sound>
	<sound id="475">
		<sample weight="1" path="boss2intro_pipes_turnon.wav"/>
	</sound>
	<sound id="476">
		<sample weight="1" path="water_flow_large.wav"/>
	</sound>
	<sound id="477">
		<sample weight="1" path="demon_hit01.wav"/>
		<sample weight="1" path="demon_hit06.wav"/>
		<sample weight="1" path="demon_hit07.wav"/>
		<sample weight="1" path="demon_hit11.wav"/>
	</sound>
	<sound id="478">
		<sample weight="1" path="punch1.wav"/>
		<sample weight="1" path="punch2.wav"/>
	</sound>
	<sound id="479">
		<sample weight="1" path="flute1.wav"/>
		<sample weight="1" path="flute2.wav"/>
	</sound>
	<sound id="480">
		<sample weight="1" path="lava_loop.wav"/>
	</sound>
	<sound id="481">
		<sample weight="1" path="wood_plankbreaks0.wav"/>
		<sample weight="1" path="wood_plankbreaks1.wav"/>
		<sample weight="1" path="wood_plankbreaks2.wav"/>
	</sound>
	<sound id="482">
		<sample weight="1" path="bullet_shot1.wav"/>
		<sample weight="1" path="bullet_shot2.wav"/>
		<sample weight="1" path="bullet_shot3.wav"/>
	</sound>
	<sound id="483">
		<sample weight="1" path="flame_burst.wav"/>
	</sound>
	<sound id="484">
		<sample weight="1" path="inflate.wav"/>
	</sound>
	<sound id="485">
		<sample weight="1" path="clap01.wav"/>
		<sample weight="1" path="clap02.wav"/>
		<sample weight="1" path="clap03.wav"/>
	</sound>
	<sound id="486">
		<sample weight="1" path="boss2intro_water_explosion.wav"/>
	</sound>
	<sound id="487">
		<!--
		<sample weight="1" path="stone_impact_small_08.wav"/>
		<sample weight="1" path="stone_impact_small_09.wav"/>
		<sample weight="1" path="stone_impact_small_23.wav"/>
		-->
		<sample weight="1" path="stone_impact1.wav"/>
		<sample weight="1" path="stone_impact2.wav"/>
		<sample weight="1" path="stone_impact3.wav"/>
	</sound>
	<sound id="488">
		<sample weight="1" path="boss2_waterthrashing_reverb0.wav"/>
		<sample weight="1" path="boss2_waterthrashing_reverb1.wav"/>
	</sound>
	<sound id="489">
		<sample weight="1" path="fart_mega.wav"/>
	</sound>
	<sound id="490">
		<sample weight="1" path="matchstick.wav"/>
	</sound>
	<sound id="491">
		<sample weight="1" path="fortunecookie.wav"/>
	</sound>
	<sound id="492">
		<sample weight="1" path="bulb_flash_0.wav"/>
		<sample weight="1" path="bulb_flash_1.wav"/>
		<sample weight="1" path="bulb_flash_2.wav"/>
	</sound>
	<sound id="493">
		<sample weight="1" path="battery discharge.wav"/>
	</sound>
	<sound id="494">
		<sample weight="1" path="whip_01.wav"/>
		<sample weight="1" path="whip_02.wav"/>
		<sample weight="1" path="whip_03.wav"/>
		<sample weight="1" path="whip_04.wav"/>
	</sound>
	<sound id="495">
		<sample weight="1" path="whip_hit_01.wav"/>
		<sample weight="1" path="whip_hit_02.wav"/>
		<sample weight="1" path="whip_hit_03.wav"/>
		<sample weight="1" path="whip_hit_04.wav"/>
	</sound>
	<sound id="496">
		<sample weight="1" path="freeze1.wav"/>
		<sample weight="1" path="freeze2.wav"/>
		<sample weight="1" path="freeze3.wav"/>
	</sound>
	<sound id="497">
		<sample weight="1" path="rottenheart1.wav"/>
		<sample weight="1" path="rottenheart2.wav"/>
	</sound>
	<sound id="498">
		<sample weight="1" path="freeze_shatter1.wav"/>
		<sample weight="1" path="freeze_shatter2.wav"/>
		<sample weight="1" path="freeze_shatter3.wav"/>
	</sound>
	<sound id="499">
		<sample weight="1" path="Bone_Bounce_01.wav" />
		<sample weight="1" path="Bone_Bounce_02.wav" />
		<sample weight="1" path="Bone_Bounce_03.wav" />
		<sample weight="1" path="Bone_Bounce_04.wav" />
	</sound>
	<sound id="500">
		<sample weight="1" path="Bone_Break_01.wav" />
		<sample weight="1" path="Bone_Break_02.wav" />
		<sample weight="1" path="Bone_Break_03.wav" />
	</sound>
	<sound id="501">
		<sample weight="1" path="bishop_hit_04a.wav" />
		<sample weight="1" path="bishop_hit_04b.wav" />
		<sample weight="1" path="bishop_hit_04c.wav" />
		<sample weight="1" path="bishop_hit_04d.wav" />
	</sound>
	<!--
	<sound id="502">
	
	</sound>
	-->
	<sound id="503">
		<sample weight="1" path="chain loop.wav" />
	</sound>
	<sound id="504">
		<sample weight="1" path="chain break 0.wav" />
		<sample weight="1" path="chain break 1.wav" />
		<sample weight="1" path="chain break 2.wav" />
	</sound>
	<sound id="505">
		<sample weight="1" path="minecart_loop.wav" />
	</sound>
	<sound id="506">
		<sample weight="1" path="tooth_and_nail_01.wav" />
		<sample weight="1" path="tooth_and_nail_02.wav" />
		<sample weight="1" path="tooth_and_nail_03.wav" />
	</sound>
	<sound id="507">
		<sample weight="1" path="tooth_and_nail_tick_01.wav" />
		<sample weight="1" path="tooth_and_nail_tick_02.wav" />
		<sample weight="1" path="tooth_and_nail_tick_03.wav" />
	</sound>
	<sound id="508">
		<sample weight="1" path="dogma/static_buildup.wav" />
	</sound>
	<sound id="509">
		<sample weight="1" path="thread_snap.wav" />
	</sound>
	<sound id="510">
		<sample weight="1" path="bigleech.wav" />
		<sample weight="1" path="bigleech2.wav" />
	</sound>
	<sound id="511">
		<sample weight="1" path="Reverse Explosion 0.wav" />
		<sample weight="1" path="Reverse Explosion 1.wav" />
		<sample weight="1" path="Reverse Explosion 2.wav" />
	</sound>
	<sound id="512">
		<sample weight="1" path="voiceover/reversed/The Fool 2.wav" />
	</sound>
	<sound id="513">
		<sample weight="1" path="voiceover/reversed/The Magician 2.wav" />
	</sound>
	<sound id="514">
		<sample weight="1" path="voiceover/reversed/The High Priestess 3.wav" />
	</sound>
	<sound id="515">
		<sample weight="1" path="voiceover/reversed/The Empress 1.wav" />
	</sound>
	<sound id="516">
		<sample weight="1" path="voiceover/reversed/The Emporer 1.wav" />
	</sound>
	<sound id="517">
		<sample weight="1" path="voiceover/reversed/The Hierophant 1.wav" />
	</sound>
	<sound id="518">
		<sample weight="1" path="voiceover/reversed/The Lovers 1.wav" />
	</sound>
	<sound id="519">
		<sample weight="1" path="voiceover/reversed/The Chariot 3.wav" />
	</sound>
	<sound id="520">
		<sample weight="1" path="voiceover/reversed/Justice 3.wav" />
	</sound>
	<sound id="521">
		<sample weight="1" path="voiceover/reversed/The Hermit 1.wav" />
	</sound>
	<sound id="522">
		<sample weight="1" path="voiceover/reversed/Wheel Of Fortune 1.wav" />
	</sound>
	<sound id="523">
		<sample weight="1" path="voiceover/reversed/Strength 1.wav" />
	</sound>
	<sound id="524">
		<sample weight="1" path="voiceover/reversed/The Hanged Man 1.wav" />
	</sound>
	<sound id="525">
		<sample weight="1" path="voiceover/reversed/Death 3.wav" />
	</sound>
	<sound id="526">
		<sample weight="1" path="voiceover/reversed/Temperance 2.wav" />
	</sound>
	<sound id="527">
		<sample weight="1" path="voiceover/reversed/The Devil 2.wav" />
	</sound>
	<sound id="528">
		<sample weight="1" path="voiceover/reversed/The Tower 3.wav" />
	</sound>
	<sound id="529">
		<sample weight="1" path="voiceover/reversed/The Stars 1.wav" />
	</sound>
	<sound id="530">
		<sample weight="1" path="voiceover/reversed/The Moon 3.wav" />
	</sound>
	<sound id="531">
		<sample weight="1" path="voiceover/reversed/The Sun 3.wav" />
	</sound>
	<sound id="532">
		<sample weight="1" path="voiceover/reversed/Judgement 3.wav" />
	</sound>
	<sound id="533">
		<sample weight="1" path="voiceover/reversed/The World 1.wav" />
	</sound>
	<sound id="534">
		<sample weight="1" path="flamethrower start.wav" />
	</sound>
	<sound id="535">
		<sample weight="1" path="flamethrower loop.wav" />
	</sound>
	<sound id="536">
		<sample weight="1" path="flamethrower end.wav" />
	</sound>
	<sound id="537">
		<sample weight="1" path="RocketLaunch_01.wav" />
		<sample weight="1" path="RocketLaunch_02.wav" />
		<sample weight="1" path="RocketLaunch_03.wav" />
	</sound>
	<sound id="538">
		<sample weight="1" path="sword_spin1.wav" />
		<sample weight="2" path="sword_spin2.wav" />
	</sound>
	<sound id="539">
		<sample weight="1" path="baby_brim_1.wav" />
		<sample weight="1" path="baby_brim_2.wav" />
		<sample weight="1" path="baby_brim_3.wav" />
		<sample weight="1" path="baby_brim_4.wav" />
	</sound>
	<sound id="540">
		<sample weight="1" path="knife_pull.wav" />
	</sound>
	<sound id="541">
		<sample weight="1" path="dogma/appear scream.wav" />
	</sound>
	<sound id="542">
		<sample weight="1" path="dogma/dogma death sequence.wav" />
	</sound>
	<sound id="543">
		<sample weight="1" path="dogma/black hole charge up_2.wav" />
	</sound>
	<sound id="544">
		<sample weight="1" path="dogma/black hole shooting_1.wav" />
		<sample weight="1" path="dogma/black hole shooting_3.wav" />
		<sample weight="1" path="dogma/black hole shooting_4.wav" />
	</sound>
	<sound id="545">
		<sample weight="1" path="dogma/black hole opening.wav" />
	</sound>
	<sound id="546">
		<sample weight="1" path="dogma/black hole closing bursting.wav" />
	</sound>
	<sound id="547">
		<sample weight="1" path="dogma/brimstone charge up_1.wav" />
	</sound>
	<sound id="548">
		<sample weight="1" path="dogma/brimstone lazer_2.wav" />
	</sound>
	<sound id="549">
		<sample weight="1" path="dogma/godhead tears.wav" />
		<sample weight="1" path="dogma/godhead tears_1.wav" />
	</sound>
	<sound id="550">
		<sample weight="1" path="dogma/jacobs ladder tears.wav" />
	</sound>
	<sound id="551">
		<sample weight="1" path="dogma/jacobs ladder laser_1.wav" />
	</sound>
	<sound id="552">
		<sample weight="1" path="dogma/screaming baby static_2.wav" />
		<sample weight="1" path="dogma/screaming baby static_5.wav" />
	</sound>
	<sound id="553">
		<sample weight="1" path="dogma/preacher.wav" />
	</sound>
	<sound id="554">
		<sample weight="1" path="dogma/phase 2 prepare to spin.wav" />
	</sound>
	<sound id="555">
		<sample weight="1" path="dogma/phase 2 spinning by loop.wav" />
	</sound>
	<sound id="556">
		<sample weight="1" path="dogma/feather spray attack_1.wav" />
	</sound>
	<sound id="557">
		<sample weight="1" path="dogma/jacobs ladder laser.wav" />
	</sound>
	<sound id="558">
		<sample weight="1" path="dogma/black hole loop.wav" />
	</sound>
	<sound id="559">
		<sample weight="1" path="dogma/Dogma Angel Transform 6.wav" />
	</sound>
	<sound id="560">
		<sample weight="1" path="dogma/Dogma Angel Transform End.wav" />
	</sound>
	<sound id="561">
		<sample weight="1" path="dogma/Dogma Phase 2 Light Appear.wav" />
	</sound>
	<sound id="562">
		<sample weight="1" path="dogma/Dogma Phase 2 Light ball throw.wav" />
		<sample weight="1" path="dogma/Dogma Phase 2 Light ball throw_2.wav" />
		<sample weight="1" path="dogma/Dogma Phase 2 Light ball throw_3.wav" />
	</sound>
	<sound id="563">
		<sample weight="1" path="dogma/Dogma Phase 2 Light ray charge up_5.wav" />
	</sound>
	<sound id="564">
	<!--
		<sample weight="1" path="dogma/Dogma Phase 2 Light Ray Fire.wav" />
		<sample weight="1" path="dogma/Dogma Phase 2 Light Ray Fire_1.wav" />
		<sample weight="1" path="dogma/Dogma Phase 2 Light Ray Fire_2.wav" />
		<sample weight="1" path="dogma/Dogma Phase 2 Light Ray Fire_3.wav" />
		<sample weight="1" path="dogma/Dogma Phase 2 Light Ray Fire_4.wav" />
		<sample weight="1" path="dogma/Dogma Phase 2 Light Ray Fire_5.wav" />
		-->
		<sample weight="1" path="dogma/Dogma Phase 2 Light Ray Fire_B.wav" />
		<sample weight="1" path="dogma/Dogma Phase 2 Light Ray Fire_B1.wav" />
		<sample weight="1" path="dogma/Dogma Phase 2 Light Ray Fire_B2.wav" />
	</sound>
	<sound id="565">
		<sample weight="1" path="dogma/Dogma Phase 2 Spin Attack.wav" />
		<sample weight="1" path="dogma/Dogma Phase 2 Spin Attack_1.wav" />
		<sample weight="1" path="dogma/Dogma Phase 2 Spin Attack_2.wav" />
	</sound>
	<sound id="566">
		<sample weight="1" path="dogma/Dogma Phase 2 Wing Flap.wav" />
		<sample weight="1" path="dogma/Dogma Phase 2 Wing Flap_1.wav" />
		<sample weight="1" path="dogma/Dogma Phase 2 Wing Flap_2.wav" />
	</sound>
	<sound id="567">
		<sample weight="1" path="dogma/Dogma Tv Break plus_9.wav" />
	</sound>
	<sound id="568">
		<sample weight="1" path="divine_intervention.wav" />
	</sound>
	<sound id="569">
		<sample weight="1" path="CharacterMenuFlipLight.wav" />
	</sound>
	<sound id="570">
		<sample weight="1" path="CharacterMenuFlipDark.wav" />
	</sound>
	<sound id="571">
		<sample weight="1" path="CharacterMenuRip.wav" />
	</sound>
	<sound id="572">
		<sample weight="1" path="UrnOpen.wav" />
	</sound>
	<sound id="573">
		<sample weight="1" path="UrnClose.wav" />
	</sound>
	<sound id="574">
		<sample weight="1" path="Recall.wav" />
	</sound>
	<sound id="575">
		<sample weight="1" path="Scream Gurgle lo.wav" />
		<sample weight="1" path="Scream Gurgle low2.wav" />
	</sound>
	<sound id="576">
		<sample weight="1" path="Scream Gurgle medium 2.wav" />
	</sound>
	<sound id="577">
		<sample weight="1" path="Scream Gurgle hi.wav" />
		<sample weight="1" path="Scream Gurgle hi 3.wav" />
	</sound>
	<sound id="578">
		<sample weight="1" path="ground tremor 1.wav" />
		<sample weight="1" path="ground tremor 2.wav" />
	</sound>
	<sound id="579">
		<sample weight="1" path="SoulPickup1.wav" />
		<sample weight="1" path="SoulPickup2.wav" />
		<sample weight="1" path="SoulPickup3.wav" />
		<sample weight="1" path="SoulPickup4.wav" />
	</sound>
	<sound id="580">
		<sample weight="1" path="BallAndChainLoop.wav" />
	</sound>
	<sound id="581">
		<sample weight="1" path="BallAndChainHit1.wav" />
		<sample weight="1" path="BallAndChainHit2.wav" />
		<sample weight="1" path="BallAndChainHit3.wav" />
	</sound>
	<sound id="582">
		<sample weight="1" path="LazarusFlipDead.wav" />
	</sound>
	<sound id="583">
		<sample weight="1" path="LazarusFlipAlive.wav" />
	</sound>
	<sound id="584">
		<sample weight="1" path="RecallFinish.wav" />
	</sound>
	<sound id="585">
		<sample weight="1" path="RocketLaunchShort01.wav" />
		<sample weight="1" path="RocketLaunchShort02.wav" />
		<sample weight="1" path="RocketLaunchShort03.wav" />
	</sound>
	<sound id="586">
		<sample weight="1" path="RocketLaunchTiny01.wav" />
		<sample weight="1" path="RocketLaunchTiny02.wav" />
		<sample weight="1" path="RocketLaunchTiny03.wav" />
		<sample weight="1" path="RocketLaunchTiny04.wav" />
		<sample weight="1" path="RocketLaunchTiny05.wav" />
	</sound>
	<sound id="587">
		<sample weight="1" path="RocketExplode01.wav" />
		<sample weight="1" path="RocketExplode02.wav" />
		<sample weight="1" path="RocketExplode03.wav" />
		<sample weight="1" path="RocketExplode04.wav" />
	</sound>
	<sound id="588">
		<sample weight="1" path="JellyBounce1.wav" />
		<sample weight="1" path="JellyBounce2.wav" />
		<sample weight="1" path="JellyBounce3.wav" />
	</sound>
	<sound id="589">
		<sample weight="1" path="PoopLaser1.wav" />
		<sample weight="1" path="PoopLaser2.wav" />
		<sample weight="1" path="PoopLaser3.wav" />
	</sound>
	<sound id="590">
		<sample weight="1" path="PoisonWarn2.wav" />
	</sound>
	<sound id="591">
		<sample weight="1" path="PoisonHurt1.wav" />
		<sample weight="1" path="PoisonHurt2.wav" />
	</sound>
	<sound id="592">
		<sample weight="1" path="BerserkStart.wav" />
	</sound>
	<sound id="593">
		<sample weight="1" path="BerserkTick.wav" />
	</sound>
	<sound id="594">
		<sample weight="1" path="BerserkEnd.wav" />
	</sound>
	<sound id="595">
		<sample weight="1" path="EdenGlitch1.wav" />
		<sample weight="1" path="EdenGlitch2.wav" />
		<sample weight="1" path="EdenGlitch3.wav" />
	</sound>
	<sound id="596">
		<sample weight="1" path="Close_Railroad_Track_Raise04.wav" />
		<sample weight="1" path="Close_Railroad_Track_Raise05.wav" />
		<sample weight="1" path="Close_Railroad_Track_Raise07.wav" />
	</sound>
	<sound id="597">
		<sample weight="1" path="Distant_Railroad_Track_Raise04.wav" />
		<sample weight="1" path="Distant_Railroad_Track_Raise05.wav" />
		<sample weight="1" path="Distant_Railroad_Track_Raise07.wav" />
	</sound>
	<sound id="598">
	</sound>
	<sound id="599">
	</sound>
	<sound id="600">
	</sound>
	<sound id="601">
	</sound>
	<sound id="602">
		<sample weight="1" path="thumbs up amplified.wav" />
	</sound>
	<sound id="603">
		<sample weight="1" path="thumbs down amplified.wav" />
	</sound>
	<sound id="604">
		<sample weight="1" path="power up spewer amplified.wav" />
	</sound>
	<sound id="605">
		<sample weight="1" path="poop_itemthrow.wav" />
	</sound>
	<sound id="606">
		<sample weight="1" path="poop_itemstore.wav" />
	</sound>
	<sound id="607">
		<sample weight="1" path="ibs_poop_raise.wav" />
	</sound>
	<sound id="608">
		<sample weight="1" path="mirrorenter.wav" />
	</sound>
	<sound id="609">
		<sample weight="1" path="mirrorexit.wav" />
	</sound>
	<sound id="610">
		<sample weight="1" path="mirrorbreak1.wav" />
		<sample weight="1" path="mirrorbreak2.wav" />
	</sound>
	<sound id="611">
		<sample weight="1" path="chains_trapenemy.wav" />
	</sound>
	<sound id="612">
		<sample weight="1" path="chains_rattle.wav" />
	</sound>
	<sound id="613">
		<sample weight="1" path="chains_break.wav" />
	</sound>
	<sound id="614">
		<sample weight="1" path="Vamp_Double.wav" />
	</sound>
	<sound id="615">
		<sample weight="1" path="Flashback.wav" />
		<sample weight="1" path="Flashback2.wav" />
	</sound>
	<sound id="616">
		<sample weight="1" path="DarkEsau_AppearOpen.wav" />
	</sound>
	<sound id="617">
		<sample weight="1" path="DarkEsau_DeathOpen.wav" />
	</sound>
	<sound id="618">
		<sample weight="1" path="finalmother/Mother Death phase 1.wav" />
	</sound>
	<sound id="619">
		<sample weight="1" path="finalmother/death.wav" />
	</sound>
	<sound id="620">
		<sample weight="1" path="finalmother/Fist Pound 1.wav" />
	</sound>
	<sound id="621">
		<sample weight="1" path="finalmother/Fist Pound 2.wav" />
	</sound>
	<sound id="622">
		<sample weight="1" path="finalmother/Fist Pound 3.wav" />
	</sound>
	<sound id="623">
		<sample weight="1" path="finalmother/fistula puke.wav" />
	</sound>
	<sound id="624">
		<sample weight="1" path="finalmother/Mother appear.wav" />
	</sound>
	<sound id="625">
		<sample weight="1" path="finalmother/phase 2 appear.wav" />
	</sound>
	<sound id="626">
		<sample weight="1" path="finalmother/Mother knife start.wav" />
	</sound>
	<sound id="627">
		<sample weight="1" path="finalmother/Mother knife throw.wav" />
	</sound>
	<sound id="628">
		<sample weight="1" path="finalmother/summon dead isaacs start.wav" />
	</sound>
	<sound id="629">
		<sample weight="1" path="finalmother/summon dead isaacs end.wav" />
	</sound>
	<sound id="630">
		<sample weight="1" path="finalmother/Mother hand boil attack start.wav" />
	</sound>
	<sound id="631">
		<sample weight="1" path="finalmother/Grunts_1.wav" />
	</sound>
	<sound id="632">
		<sample weight="1" path="finalmother/Grunts_5.wav" />
	</sound>
	<sound id="633">
		<sample weight="1" path="finalmother/Grunts_6.wav" />
	</sound>
	<sound id="634">
		<sample weight="1" path="finalmother/Grunts_7.wav" />
	</sound>
	<sound id="635">
		<sample weight="1" path="finalmother/Laugh 1.wav" />
		<sample weight="1" path="finalmother/Laugh 2.wav" />
		<sample weight="1" path="finalmother/Laugh 3.wav" />
	</sound>
	<sound id="636">
		<sample weight="1" path="finalmother/spin attack start.wav" />
	</sound>
	<sound id="637">
		<sample weight="1" path="finalmother/wall shots start.wav" />
	</sound>
	<sound id="638">
		<sample weight="1" path="finalmother/misc 1.wav" />
		<sample weight="1" path="finalmother/misc2.wav" />
	</sound>
	<sound id="639">
		<sample weight="1" path="finalmother/MotherSlimeBallShoot.wav" />
	</sound>
	<sound id="640">
		<sample weight="1" path="finalmother/MotherSuctionLoop.wav" />
	</sound>
	<sound id="641">
		<sample weight="1" path="finalmother/IsaacsRise01.wav" />
		<sample weight="1" path="finalmother/IsaacsRise02.wav" />
		<sample weight="1" path="finalmother/IsaacsRise03.wav" />
		<sample weight="1" path="finalmother/IsaacsRise04.wav" />
		<sample weight="1" path="finalmother/IsaacsRise05.wav" />
		<sample weight="1" path="finalmother/IsaacsRise06.wav" />
		<sample weight="1" path="finalmother/IsaacsRise07.wav" />
	</sound>
	<sound id="642">
		<sample weight="1" path="finalmother/IsaacsHeadHit1.wav" />
		<sample weight="1" path="finalmother/IsaacsHeadHit2.wav" />
		<sample weight="1" path="finalmother/IsaacsHeadHit3.wav" />
		<sample weight="1" path="finalmother/IsaacsHeadHit4.wav" />
	</sound>
	<sound id="643">
		<sample weight="1" path="finalmother/MaggotWristSwell.wav" />
	</sound>
	<sound id="644">
		<sample weight="1" path="finalmother/MaggotWristExplode.wav" />
	</sound>
	<sound id="645">
		<sample weight="1" path="finalmother/MotherPhase2DeathMelt.wav" />
	</sound>
	<sound id="646">
		<sample weight="1" path="finalmother/Mother_AngerShake.wav" />
	</sound>
	<sound id="647">
		<sample weight="1" path="finalmother/Mother_ChargeWhoosh1.wav" />
	</sound>
	<sound id="648">
		<sample weight="1" path="finalmother/Mother_ChargeWhoosh2.wav" />
	</sound>
	<sound id="649">
		<sample weight="1" path="finalmother/Mother_LandSmash.wav" />
	</sound>
	<sound id="650">
		<sample weight="1" path="isaacroar.wav" />
	</sound>
	<sound id="651">
		<sample weight="1" path="famine/Famine appears from off screen 1.wav" />
		<sample weight="1" path="famine/Famine appears from off screen 2.wav" />
	</sound>
	<sound id="652">
		<sample weight="1" path="famine/Famine_BodyDie1.wav" />
	</sound>
	<sound id="653">
		<sample weight="1" path="famine/Famine death.wav" />
	</sound>
	<sound id="654">
		<sample weight="1" path="famine/Famine dash start 1.wav" />
		<sample weight="1" path="famine/Famine dash start 2.wav" />
	</sound>
	<sound id="655">
		<sample weight="1" path="famine/Famine dashing 1.wav" />
		<sample weight="1" path="famine/Famine dashing 2.wav" />
	</sound>
	<sound id="656">
		<sample weight="1" path="famine/Famine_SpitAttack1.wav" />
		<sample weight="1" path="famine/Famine_SpitAttack2.wav" />
		<sample weight="1" path="famine/Famine_SpitAttack3.wav" />
	</sound>
	<sound id="657">
		<sample weight="1" path="famine/Famine_BurstAttack1.wav" />
		<sample weight="1" path="famine/Famine_BurstAttack2.wav" />
		<sample weight="1" path="famine/Famine_BurstAttack3.wav" />
	</sound>
	<sound id="658">
		<sample weight="1" path="famine/Famine_GurgleLoop.wav" />
	</sound>
	<sound id="659">
		<sample weight="1" path="Pestilence/Pestilence Maggot Primes.wav" />
	</sound>
	<sound id="660">
		<sample weight="1" path="Pestilence/Pestilence Maggot Fires.wav" />
	</sound>
	<sound id="661">
		<sample weight="1" path="Pestilence/Pestilence Maggot returns.wav" />
	</sound>
	<sound id="662">
		<sample weight="1" path="Pestilence/Pestilence Body shoots.wav" />
	</sound>
	<sound id="663">
		<sample weight="1" path="Pestilence/Pestilence head dies.wav" />
	</sound>
	<sound id="664">
		<sample weight="1" path="Pestilence/Pestilence Death.wav" />
	</sound>
	<sound id="665">
		<sample weight="1" path="Pestilence/Pestilence Fly Cough.wav" />
		<sample weight="1" path="Pestilence/Pestilence Fly Cough_1.wav" />
	</sound>
	<sound id="666">
		<sample weight="1" path="Pestilence/Pestilence Spit Blob Barf_1.wav" />
		<sample weight="1" path="Pestilence/Pestilence Spit Blob Barf_2.wav" />
	</sound>
	<sound id="667">
		<sample weight="1" path="Pestilence/Pestilence appear.wav" />
	</sound>
	<sound id="668">
		<sample weight="1" path="Pestilence/Pestilence_HeadExplode.wav" />
	</sound>
	<sound id="669">
		<sample weight="1" path="Pestilence/Pestilence_Maggot_Enter.wav" />
	</sound>
	<sound id="670">
		<sample weight="1" path="Pestilence/Pestilence_Maggot_Popout.wav" />
	</sound>
	<sound id="671">
		<sample weight="1" path="Pestilence/Pestilence_Maggot_Shoot.wav" />
	</sound>
	<sound id="672">
		<sample weight="1" path="Pestilence/Pestilence_NeckPuke.wav" />
	</sound>
	<sound id="673">
		<sample weight="1" path="Pestilence/Pestilence_PukeStart1.wav" />
		<sample weight="1" path="Pestilence/Pestilence_PukeStart2.wav" />
		<sample weight="1" path="Pestilence/Pestilence_PukeStart3.wav" />
	</sound>
	<sound id="674">
		<sample weight="1" path="War/War Appear.wav" />
	</sound>
	<sound id="675">
		<sample weight="1" path="War/War Appears from Lava.wav" />
	</sound>
	<sound id="676">
		<sample weight="1" path="War/War bomb toss 1.wav" />
		<sample weight="1" path="War/War bomb toss 2.wav" />
		<sample weight="1" path="War/War bomb toss 3.wav" />
	</sound>
	<sound id="677">
		<sample weight="1" path="War/War Dashing 1.wav" />
		<sample weight="1" path="War/War Dashing 2.wav" />
	</sound>
	<sound id="678">
		<sample weight="1" path="War/War Dashing Start 1.wav" />
		<sample weight="1" path="War/War Dashing Start 2.wav" />
	</sound>
	<sound id="679">
		<sample weight="1" path="War/War Horse Dies.wav" />
	</sound>
	<sound id="680">
		<sample weight="1" path="War/War Death.wav" />
	</sound>
	<sound id="681">
		<sample weight="1" path="War/War Fire Scream 1.wav" />
		<sample weight="1" path="War/War Fire Scream 2.wav" />
	</sound>
	<sound id="682">
		<sample weight="1" path="War/War Grabs at you 1.wav" />
		<sample weight="1" path="War/War Grabs at you 2.wav" />
	</sound>
	<sound id="683">
		<sample weight="1" path="War/War Holds onto bomb.wav" />
	</sound>
	<sound id="684">
		<sample weight="1" path="War/War Pull out Bomb 1.wav" />
		<sample weight="1" path="War/War Pull out Bomb 2.wav" />
	</sound>
	<sound id="685">
		<sample weight="1" path="War/War Starts to chase you 1.wav" />
		<sample weight="1" path="War/War Starts to chase you 2.wav" />
	</sound>
	<sound id="686">
		<sample weight="1" path="War/War_BombTicking.wav" />
	</sound>
	<sound id="687">
		<sample weight="1" path="War/War_FlameWhoosh.wav" />
	</sound>
	<sound id="688">
		<sample weight="1" path="War/War_LavaSplash_In.wav" />
	</sound>
	<sound id="689">
		<sample weight="1" path="War/War_LavaTravel1.wav" />
		<sample weight="1" path="War/War_LavaTravel2.wav" />
	</sound>
	<sound id="690">
		<sample weight="1" path="Death/Death Dies.wav" />
	</sound>
	<sound id="691">
		<sample weight="1" path="Death/Death Destroy Skulls.wav" />
	</sound>
	<sound id="692">
		<sample weight="1" path="Death/Death Growl_2.wav" />
		<sample weight="1" path="Death/Death Growl_3.wav" />
	</sound>
	<sound id="693">
		<sample weight="1" path="Death/Death Scythe Swipe Windup 1.wav" />
		<sample weight="1" path="Death/Death Scythe Swipe Windup 2.wav" />
	</sound>
	<sound id="694">
		<sample weight="1" path="Death/Death Scythe Swipe 1.wav" />
		<sample weight="1" path="Death/Death Scythe Swipe 2.wav" />
	</sound>
	<sound id="695">
		<sample weight="1" path="Death/Death Summon Scythes 1.wav" />
		<sample weight="1" path="Death/Death Summon Scythes 2.wav" />
	</sound>
	<sound id="696">
		<sample weight="1" path="Death/Death Summon Skulls 1.wav" />
		<sample weight="1" path="Death/Death Summon Skulls 2.wav" />
	</sound>
	<sound id="697">
		<sample weight="1" path="beast/Beast Death 1.wav" />
	</sound>
	<sound id="698">
		<sample weight="1" path="beast/Brimstone Lazer Big.wav" />
		<sample weight="1" path="beast/Brimstone Lazer Big_1.wav" />
		<sample weight="1" path="beast/Brimstone Lazer Big_2.wav" />
		<sample weight="1" path="beast/Brimstone Lazer Big_3.wav" />
	</sound>
	<sound id="699">
		<sample weight="1" path="beast/Beast_DistantSplash.wav" />
	</sound>
	<sound id="700">
		<sample weight="1" path="beast/Beast_FireRingBurn1.wav" />
		<sample weight="1" path="beast/Beast_FireRingBurn2.wav" />
		<sample weight="1" path="beast/Beast_FireRingBurn3.wav" />
	</sound>
	<sound id="701">
		<sample weight="1" path="beast/Beast_GhostDash1.wav" />
		<sample weight="1" path="beast/Beast_GhostDash2.wav" />
		<sample weight="1" path="beast/Beast_GhostDash3.wav" />
		<sample weight="1" path="beast/Beast_GhostDash4.wav" />
	</sound>
	<sound id="702">
		<sample weight="1" path="beast/Beast_GhostRise1.wav" />
		<sample weight="1" path="beast/Beast_GhostRise2.wav" />
		<sample weight="1" path="beast/Beast_GhostRise3.wav" />
	</sound>
	<sound id="703">
		<sample weight="1" path="beast/Beast_LavaBall_Splash1.wav" />
		<sample weight="1" path="beast/Beast_LavaBall_Splash2.wav" />
		<sample weight="1" path="beast/Beast_LavaBall_Splash3.wav" />
		<sample weight="1" path="beast/Beast_LavaBall_Splash4.wav" />
		<sample weight="1" path="beast/Beast_LavaBall_Splash5.wav" />
		<sample weight="1" path="beast/Beast_LavaBall_Splash6.wav" />
	</sound>
	<sound id="704">
		<sample weight="1" path="beast/Beast_LavaSurface.wav" />
	</sound>
	<sound id="705">
		<sample weight="1" path="beast/Beast_PullInLoop.wav" />
	</sound>
	<sound id="706">
		<sample weight="1" path="beast/Beast_Vocal_FireBarf1.wav" />
		<sample weight="1" path="beast/Beast_Vocal_FireBarf2.wav" />
		<sample weight="1" path="beast/Beast_Vocal_FireBarf3.wav" />
		<sample weight="1" path="beast/Beast_Vocal_FireBarf4.wav" />
	</sound>
	<sound id="707">
		<sample weight="1" path="beast/Beast_Vocal_GhostAttackRoar1.wav" />
		<sample weight="1" path="beast/Beast_Vocal_GhostAttackRoar2.wav" />
		<sample weight="1" path="beast/Beast_Vocal_GhostAttackRoar3.wav" />
	</sound>
	<sound id="708">
		<sample weight="1" path="beast/Beast_Vocal_IntroScream.wav" />
	</sound>
	<sound id="709">
		<sample weight="1" path="beast/Beast_Vocal_PullInClose.wav" />
	</sound>
	<sound id="710">
		<sample weight="1" path="beast/Beast_Vocal_PullInOpen.wav" />
	</sound>
	<sound id="711">
		<sample weight="1" path="beast/Beast_Vocal_SpitAttack1.wav" />
		<sample weight="1" path="beast/Beast_Vocal_SpitAttack2.wav" />
		<sample weight="1" path="beast/Beast_Vocal_SpitAttack3.wav" />
	</sound>
	<sound id="712">
		<sample weight="1" path="beast/Beast_Vocal_SurfaceGrowl.wav" />
	</sound>
	<sound id="713">
		<sample weight="1" path="beast/Beast_Vocal_SwitchSide1.wav" />
		<sample weight="1" path="beast/Beast_Vocal_SwitchSide2.wav" />
		<sample weight="1" path="beast/Beast_Vocal_SwitchSide3.wav" />
	</sound>
	<sound id="714">
		<sample weight="1" path="mothershadow/MomAppear.wav" />
	</sound>
	<sound id="715">
		<sample weight="1" path="mothershadow/MomChargeUp1.wav" />
		<sample weight="1" path="mothershadow/MomChargeUp2.wav" />
		<sample weight="1" path="mothershadow/MomChargeUp3.wav" />
	</sound>
	<sound id="716">
		<sample weight="1" path="mothershadow/Momdash1.wav" />
		<sample weight="1" path="mothershadow/Momdash2.wav" />
		<sample weight="1" path="mothershadow/Momdash3.wav" />
	</sound>
	<sound id="717">
		<sample weight="1" path="mothershadow/MomEnd.wav" />
	</sound>
	
	<sound id="719">
		<sample weight="1" path="bumbino/Death Sound.wav" />
	</sound>
	<sound id="720">
		<sample weight="1" path="bumbino/Getting Dizzy 1.wav" />
		<sample weight="1" path="bumbino/Getting Dizzy 2.wav" />
		<sample weight="1" path="bumbino/Getting Dizzy 3.wav" />
	</sound>
	<sound id="721">
		<sample weight="1" path="bumbino/Hitting Wall.wav" />
		<sample weight="1" path="bumbino/Hitting Wall_2.wav" />
		<sample weight="1" path="bumbino/Hitting Wall_4.wav" />
	</sound>
	<sound id="722">
		<sample weight="1" path="bumbino/misc 3.wav" />
	</sound>
	<sound id="723">
		<sample weight="1" path="bumbino/punch1.wav" />
		<sample weight="1" path="bumbino/punch2.wav" />
		<sample weight="1" path="bumbino/punch3.wav" />
		<sample weight="1" path="bumbino/punch4.wav" />
	</sound>
	<sound id="724">
		<sample weight="1" path="bumbino/Ram attack.wav" />
	</sound>
	<sound id="725">
		<sample weight="1" path="bumbino/Slam fists.wav" />
	</sound>
	<sound id="726">
		<sample weight="1" path="bumbino/Snapping Out of It 1.wav" />
		<sample weight="1" path="bumbino/Snapping Out of It 2.wav" />
		<sample weight="1" path="bumbino/Snapping Out of It 3.wav" />
	</sound>
	<sound id="727">
		<sample weight="1" path="siren/Scream attack 1.wav" />
		<sample weight="1" path="siren/Scream attack 2.wav" />
		<sample weight="1" path="siren/Scream attack 3.wav" />
	</sound>
	<sound id="728">
		<sample weight="1" path="siren/Sing 1.wav" />
		<sample weight="1" path="siren/Sing 2.wav" />
		<sample weight="1" path="siren/Sing 3.wav" />
	</sound>
	<sound id="729">
		<sample weight="1" path="death/Death_SkullsAttackLoop.wav" />
	</sound>
	<sound id="730">
		<sample weight="1" path="death/Death_SkullsAttackEnd.wav" />
	</sound>
	<sound id="731">
		<sample weight="1" path="beast/Beast Death 2.wav" />
	</sound>
	<sound id="732">
		<sample weight="1" path="beast/SFX Brimstone Angelic Blast_1.wav" />
	</sound>
	<sound id="733">
		<sample weight="1" path="voiceover/Ancient Recall.wav" />
	</sound>
	<sound id="734">
		<sample weight="1" path="voiceover/Era Walk.wav" />
	</sound>
	<sound id="735">
		<sample weight="1" path="voiceover/HUge Growth.wav" />
	</sound>
	<sound id="736">
		<sample weight="1" path="voiceover/Rune Shard.wav" />
	</sound>
	<sound id="737">
		<sample weight="1" path="voiceover/Shot Speed down_2.wav" />
	</sound>
	<sound id="738">
		<sample weight="1" path="voiceover/Shot Speed Up_1.wav" />
	</sound>
	<sound id="739">
		<sample weight="1" path="voiceover/Experimental Pill_1.wav" />
	</sound>
	<sound id="740">
		<sample weight="1" path="voiceover/Cracked key.wav" />
	</sound>
	<sound id="741">
		<sample weight="1" path="voiceover/Queen of Hearts.wav" />
	</sound>
	<sound id="742">
		<sample weight="1" path="voiceover/Wild Card_1.wav" />
	</sound>
	<sound id="743">
		<sample weight="1" path="voiceover/Soul of Isaac.wav" />
	</sound>
	<sound id="744">
		<sample weight="1" path="voiceover/Soul of Magdalene_1.wav" />
	</sound>
	<sound id="745">
		<sample weight="1" path="voiceover/Soul of Cain.wav" />
	</sound>
	<sound id="746">
		<sample weight="1" path="voiceover/Soul of Judas.wav" />
	</sound>
	<sound id="747">
		<sample weight="1" path="voiceover/Soul of .wav" />
	</sound>
	<sound id="748">
		<sample weight="1" path="voiceover/Soul of Eve.wav" />
	</sound>
	<sound id="749">
		<sample weight="1" path="voiceover/Soul of Samson_1.wav" />
	</sound>
	<sound id="750">
		<sample weight="1" path="voiceover/Soul of Azazel_2.wav" />
	</sound>
	<sound id="751">
		<sample weight="1" path="voiceover/Soul of Lazarus.wav" />
	</sound>
	<sound id="752">
		<sample weight="1" path="voiceover/Soul of Eden.wav" />
	</sound>
	<sound id="753">
		<sample weight="1" path="voiceover/Soul of The Lost.wav" />
	</sound>
	<sound id="754">
		<sample weight="1" path="voiceover/Soul of Lillith.wav" />
	</sound>
	<sound id="755">
		<sample weight="1" path="voiceover/Soul of The Keeper.wav" />
	</sound>
	<sound id="756">
		<sample weight="1" path="voiceover/Soul of Apollyon_3.wav" />
	</sound>
	<sound id="757">
		<sample weight="1" path="voiceover/Soul of The Forgotten.wav" />
	</sound>
	<sound id="758">
		<sample weight="1" path="voiceover/Soul of Bethany_1.wav" />
	</sound>
	<sound id="759">
		<sample weight="1" path="voiceover/Soul of Jacob and Esau.wav" />
	</sound>
	<sound id="760">
		<sample weight="1" path="voiceover/mega/Bad Gas.wav" />
	</sound>
	<sound id="761">
		<sample weight="1" path="voiceover/mega/Bad Trip.wav" />
	</sound>
	<sound id="762">
		<sample weight="1" path="voiceover/mega/Balls of Steel.wav" />
	</sound>
	<sound id="763">
		<sample weight="1" path="voiceover/mega/Bombs Are Key.wav" />
	</sound>
	<sound id="764">
		<sample weight="1" path="voiceover/mega/Explosive Diarrhea.wav" />
	</sound>
	<sound id="765">
		<sample weight="1" path="voiceover/mega/Full Health.wav" />
	</sound>
	<sound id="766">
		<sample weight="1" path="voiceover/mega/Health Up.wav" />
	</sound>
	<sound id="767">
		<sample weight="1" path="voiceover/mega/Health Down.wav" />
	</sound>
	<sound id="768">
		<sample weight="1" path="voiceover/mega/I Found Pills.wav" />
	</sound>
	<sound id="769">
		<sample weight="1" path="voiceover/mega/Puberty.wav" />
	</sound>
	<sound id="770">
		<sample weight="1" path="voiceover/mega/Pretty Fly.wav" />
	</sound>
	<sound id="771">
		<sample weight="1" path="voiceover/mega/Range Down.wav" />
	</sound>
	<sound id="772">
		<sample weight="1" path="voiceover/mega/Range Up.wav" />
	</sound>
	<sound id="773">
		<sample weight="1" path="voiceover/mega/Speed Down.wav" />
	</sound>
	<sound id="774">
		<sample weight="1" path="voiceover/mega/Speed Up.wav" />
	</sound>
	<sound id="775">
		<sample weight="1" path="voiceover/mega/Tears Down.wav" />
	</sound>
	<sound id="776">
		<sample weight="1" path="voiceover/mega/Tears Up.wav" />
	</sound>
	<sound id="777">
		<sample weight="1" path="voiceover/mega/Luck Down.wav" />
	</sound>
	<sound id="778">
		<sample weight="1" path="voiceover/mega/Luck Up.wav" />
	</sound>
	<sound id="779">
		<sample weight="1" path="voiceover/mega/Telepills.wav" />
	</sound>
	<sound id="780">
		<sample weight="1" path="voiceover/mega/48 hr Energy!.wav" />
	</sound>
	<sound id="781">
		<sample weight="1" path="voiceover/mega/Hemetemisis.wav" />
	</sound>
	<sound id="782">
		<sample weight="1" path="voiceover/mega/Paralysis.wav" />
	</sound>
	<sound id="783">
		<sample weight="1" path="voiceover/mega/I Can See Forever.wav" />
	</sound>
	<sound id="784">
		<sample weight="1" path="voiceover/mega/Pheremones.wav" />
	</sound>
	<sound id="785">
		<sample weight="1" path="voiceover/mega/Amnesia.wav" />
	</sound>
	<sound id="786">
		<sample weight="1" path="voiceover/mega/Lemon Party.wav" />
	</sound>
	<sound id="787">
		<sample weight="1" path="voiceover/mega/Are You A Wizard.wav" />
	</sound>
	<sound id="788">
		<sample weight="1" path="voiceover/mega/Perks.wav" />
	</sound>
	<sound id="789">
		<sample weight="1" path="voiceover/mega/Addicted.wav" />
	</sound>
	<sound id="790">
		<sample weight="1" path="voiceover/mega/Relax.wav" />
	</sound>
	<sound id="791">
		<sample weight="1" path="voiceover/mega/Triple Question Mark_1.wav" />
		<sample weight="1" path="voiceover/mega/Triple Question Mark_2.wav" />
		<sample weight="1" path="voiceover/mega/What In the Heck.wav" />
	</sound>
	<sound id="792">
		<sample weight="1" path="voiceover/mega/One Makes You Larger.wav" />
	</sound>
	<sound id="793">
		<sample weight="1" path="voiceover/mega/One Makes You Small.wav" />
	</sound>
	<sound id="794">
		<sample weight="1" path="voiceover/mega/INfested.wav" />
	</sound>
	<sound id="795">
		<sample weight="1" path="voiceover/mega/INfested_1.wav" />
	</sound>
	<sound id="796">
		<sample weight="1" path="voiceover/mega/Power Pill.wav" />
	</sound>
	<sound id="797">
		<sample weight="1" path="voiceover/mega/Retro Vision.wav" />
	</sound>
	<sound id="798">
		<sample weight="1" path="voiceover/mega/Friends til the End.wav" />
	</sound>
	<sound id="799">
		<sample weight="1" path="voiceover/mega/Exlax.wav" />
	</sound>
	<sound id="800">
		<sample weight="1" path="voiceover/mega/Something's Wrong.wav" />
	</sound>
	<sound id="801">
		<sample weight="1" path="voiceover/mega/I'm Drowsy_1.wav" />
	</sound>
	<sound id="802">
		<sample weight="1" path="voiceover/mega/I'm Excited.wav" />
	</sound>
	<sound id="803">
		<sample weight="1" path="voiceover/mega/Gulp.wav" />
	</sound>
	<sound id="804">
		<sample weight="1" path="voiceover/mega/Horf.wav" />
	</sound>
	<sound id="805">
		<sample weight="1" path="voiceover/mega/Feels Like I'm Walkin on Sunshine.wav" />
	</sound>
	<sound id="806">
		<sample weight="1" path="voiceover/mega/Vurp.wav" />
	</sound>
	<sound id="807">
		<sample weight="1" path="voiceover/mega/Shot Speed Down Loud.wav" />
	</sound>
	<sound id="808">
		<sample weight="1" path="voiceover/mega/Shot Speed Up Loud.wav" />
	</sound>
	<sound id="809">
		<sample weight="1" path="voiceover/mega/Experimental Pill Loud.wav" />
	</sound>
	<sound id="810">
		<sample weight="1" path="siren/Siren_LungeAttack.wav" />
	</sound>
	<sound id="811">
		<sample weight="1" path="siren/Siren_MinionsBlackSmoke.wav" />
	</sound>
	<sound id="812">
		<sample weight="1" path="siren/Siren_ScreamAttack.wav" />
	</sound>
	<sound id="813">
		<sample weight="1" path="siren/Siren_SingingAttack.wav" />
	</sound>
	<sound id="814">
		<sample weight="1" path="beast/Beast_Lavaball_Rise1.wav" />
		<sample weight="1" path="beast/Beast_Lavaball_Rise2.wav" />
		<sample weight="1" path="beast/Beast_Lavaball_Rise3.wav" />
		<sample weight="1" path="beast/Beast_Lavaball_Rise4.wav" />
		<sample weight="1" path="beast/Beast_Lavaball_Rise5.wav" />
		<sample weight="1" path="beast/Beast_Lavaball_Rise6.wav" />
	</sound>
	<sound id="815">
		<sample weight="1" path="beast/Beast_Vocal_AngryGrowl1.wav" />
		<sample weight="1" path="beast/Beast_Vocal_AngryGrowl2.wav" />
		<sample weight="1" path="beast/Beast_Vocal_AngryGrowl3.wav" />
		<sample weight="1" path="beast/Beast_Vocal_AngryGrowl4.wav" />
	</sound>
	<sound id="816">
		<sample weight="1" path="beast/Beast_Vocal_Grumble1.wav" />
		<sample weight="1" path="beast/Beast_Vocal_Grumble2.wav" />
		<sample weight="1" path="beast/Beast_Vocal_Grumble3.wav" />
		<sample weight="1" path="beast/Beast_Vocal_Grumble4.wav" />
		<sample weight="1" path="beast/Beast_Vocal_Grumble5.wav" />
		<sample weight="1" path="beast/Beast_Vocal_Grumble6.wav" />
		<sample weight="1" path="beast/Beast_Vocal_Grumble7.wav" />
	</sound>
	<sound id="817">
		<sample weight="1" path="famine/Famine shoot 1.wav" />
		<sample weight="1" path="famine/Famine shoot 2.wav" />
		<sample weight="1" path="famine/Famine shoot 3.wav" />
		<sample weight="1" path="famine/Famine shoot 4.wav" />
	</sound>
	
	<sound id="818">
		<sample weight="1" path="promo/gfuel/vo/GFuel 1.wav" />
		<sample weight="1" path="promo/gfuel/vo/GFuel 1b.wav" />
	</sound>
	<sound id="819">
		<sample weight="1" path="promo/gfuel/vo/GFuel 2.wav" />
		<sample weight="1" path="promo/gfuel/vo/GFuel 2b.wav" />
	</sound>
	<sound id="820">
		<sample weight="1" path="promo/gfuel/vo/GFuel 3.wav" />
		<sample weight="1" path="promo/gfuel/vo/GFuel 3b.wav" />
	</sound>
	<sound id="821">
		<sample weight="1" path="promo/gfuel/vo/GFuel 4.wav" />
	</sound>
	<sound id="822">
		<sample weight="1" path="promo/gfuel/explosion1.wav" />
		<sample weight="1" path="promo/gfuel/explosion2.wav" />
		<sample weight="1" path="promo/gfuel/explosion3.wav" />
	</sound>
	<sound id="823">
		<sample weight="1" path="promo/gfuel/explosion_big.wav" />
	</sound>
	<sound id="824">
		<sample weight="1" path="promo/gfuel/gunshot.wav" />
	</sound>
	<sound id="825">
		<sample weight="1" path="promo/gfuel/gunshot_small1.wav" />
		<sample weight="1" path="promo/gfuel/gunshot_small2.wav" />
		<sample weight="1" path="promo/gfuel/gunshot_small3.wav" />
	</sound>
	<sound id="826">
		<sample weight="1" path="promo/gfuel/gunshot_large.wav" />
	</sound>
	<sound id="827">
		<sample weight="1" path="promo/gfuel/gunshot_spread.wav" />
	</sound>
	<sound id="828">
		<sample weight="1" path="promo/gfuel/air_horn.wav" />
	</sound>
	<sound id="829">
		<sample weight="1" path="promo/gfuel/item_explosion.wav" />
	</sound>
	<sound id="830">
		<sample weight="1" path="promo/gfuel/gunshot_mini.wav" />
	</sound>
	<sound id="831">
		<sample weight="1" path="promo/gfuel/ricochet1.wav" />
		<sample weight="1" path="promo/gfuel/ricochet2.wav" />
		<sample weight="1" path="promo/gfuel/ricochet3.wav" />
	</sound>
	<sound id="832">
		<sample weight="1" path="promo/gfuel/rocketlauncher1.wav" />
		<sample weight="1" path="promo/gfuel/rocketlauncher2.wav" />
		<sample weight="1" path="promo/gfuel/rocketlauncher3.wav" />
	</sound>
<!-- REPENTANCE END -->
<!-- REPENTANCE+ -->
	<sound id="833">
		<sample weight="1" path="deathmatch_intro1.wav" />
		<sample weight="1" path="deathmatch_intro2.wav" />
		<sample weight="1" path="deathmatch_intro3.wav" />
		<sample weight="1" path="deathmatch_intro4.wav" />
		<sample weight="1" path="deathmatch_intro5.wav" />
		<sample weight="1" path="deathmatch_intro6.wav" />
		<sample weight="1" path="deathmatch_intro7.wav" />
	</sound>
	<sound id="834">
		<sample weight="1" path="item_abyss.wav" />
	</sound>
	<sound id="835">
		<sample weight="1" path="bigchubby_attack_01.wav" />
		<sample weight="1" path="bigchubby_attack_02.wav" />
		<sample weight="1" path="bigchubby_attack_03.wav" />
	</sound>
	<sound id="836">
		<sample weight="1" path="boomerang_throw.wav" />
	</sound>
	<sound id="837">
		<sample weight="1" path="boomerang_loop.wav" />
	</sound>
	<sound id="838">
		<sample weight="1" path="boomerang_catch.wav" />
	</sound>
	<sound id="839">
		<sample weight="1" path="boomerang_hit_01.wav" />
		<sample weight="1" path="boomerang_hit_02.wav" />
		<sample weight="1" path="boomerang_hit_03.wav" />
	</sound>
	<sound id="840">
		<sample weight="1" path="box_of_friends.wav" />
	</sound>
	<sound id="841">
		<sample weight="1" path="brown_nugget_spawn.wav" />
	</sound>
	<sound id="842">
		<sample weight="1" path="bumbo_levelup_01.wav" />
	</sound>
	<sound id="843">
		<sample weight="1" path="bumbo_levelup_02.wav" />
	</sound>
	<sound id="844">
		<sample weight="1" path="bumbo_levelup_03.wav" />
	</sound>
	<sound id="845">
		<sample weight="1" path="bumbo_levelup_04.wav" />
	</sound>
	<sound id="846">
		<sample weight="1" path="portal_entity_loop.wav" />
	</sound>
	<sound id="847">
		<sample weight="1" path="portal_entity_enter.wav" />
	</sound>
	<sound id="848">
		<sample weight="1" path="converter.wav" />
	</sound>
	<sound id="849">
		<sample weight="1" path="littlechubby_attack_01.wav" />
		<sample weight="1" path="littlechubby_attack_02.wav" />
		<sample weight="1" path="littlechubby_attack_03.wav" />
	</sound>
	<sound id="850">
		<sample weight="1" path="crackedorb.wav" />
	</sound>
	<sound id="851">
		<sample weight="1" path="crookedpenny.wav" />
	</sound>
	<sound id="852">
		<sample weight="1" path="cubebaby_kick_01.wav" />
		<sample weight="1" path="cubebaby_kick_02.wav" />
		<sample weight="1" path="cubebaby_kick_03.wav" />
		<sample weight="1" path="cubebaby_kick_04.wav" />
	</sound>
	<sound id="853">
		<sample weight="1" path="darkbum_payout_01.wav" />
		<sample weight="1" path="darkbum_payout_02.wav" />
		<sample weight="1" path="darkbum_payout_03.wav" />
	</sound>
	<sound id="854">
		<sample weight="1" path="dataminer_01.wav" />
		<sample weight="1" path="dataminer_02.wav" />
		<sample weight="1" path="dataminer_03.wav" />
	</sound>
	<sound id="855">
		<sample weight="1" path="drsremote_warning.wav" />
	</sound>
	<sound id="856">
		<sample weight="1" path="flip_poof.wav" />
	</sound>
	<sound id="857">
		<sample weight="1" path="eraser_hitenemy.wav" />
	</sound>
	<sound id="858">
		<sample weight="1" path="gnawedleaf_stone.wav" />
	</sound>
	<sound id="859">
		<sample weight="1" path="lilhaunt_chase.wav" />
	</sound>
	<sound id="860">
		<sample weight="1" path="lingerbean_cloud.wav" />
	</sound>
	<sound id="861">
		<sample weight="1" path="glowinghourglass_activate.wav" />
	</sound>
	<sound id="862">
		<sample weight="1" path="glowinghourglass_fizzle.wav" />
	</sound>
	<sound id="863">
		<sample weight="1" path="infamy_deflect_01.wav" />
		<sample weight="1" path="infamy_deflect_02.wav" />
		<sample weight="1" path="infamy_deflect_03.wav" />
	</sound>
	<sound id="864">
		<sample weight="1" path="ibs_gurgle.wav" />
	</sound>
	<sound id="865">
		<sample weight="1" path="ibs_poop_throw.wav" />
	</sound>
	<sound id="866">
		<sample weight="1" path="glitterbomb_boom.wav" />
	</sound>
	<sound id="867">
		<sample weight="1" path="glitterbomb_fuse.wav" />
	</sound>
	<sound id="868">
		<sample weight="1" path="littlehorn_shot.wav" />
	</sound>
	<sound id="869">
		<sample weight="1" path="megabean_blast.wav" />
	</sound>
	<sound id="870">
		<sample weight="1" path="moms_random_pill.wav" />
	</sound>
	<sound id="871">
		<sample weight="1" path="summonpenta_wave.wav" />
	</sound>
	<sound id="872">
		<sample weight="1" path="enemyappear_wave.wav" />
	</sound>
	<sound id="873">
		<sample weight="1" path="BigHorn/bighorn_appear.wav" />
	</sound>
	<sound id="874">
		<sample weight="1" path="BigHorn/bighorn_bighole_close.wav" />
	</sound>
	<sound id="875">
		<sample weight="1" path="BigHorn/bighorn_bighole_crack.wav" />
	</sound>
	<sound id="876">
		<sample weight="1" path="BigHorn/bighorn_bighole_open.wav" />
	</sound>
	<sound id="877">
		<sample weight="1" path="BigHorn/bighorn_bighole_shake.wav" />
	</sound>
	<sound id="878">
		<sample weight="1" path="BigHorn/bighorn_death.wav" />
	</sound>
	<sound id="879">
		<sample weight="1" path="BigHorn/bighorn_dizzy_shake.wav" />
	</sound>
	<sound id="880">
		<sample weight="1" path="BigHorn/bighorn_hand_appear_01.wav" />
		<sample weight="1" path="BigHorn/bighorn_hand_appear_02.wav" />
		<sample weight="1" path="BigHorn/bighorn_hand_appear_03.wav" />
	</sound>
	<sound id="881">
		<sample weight="1" path="BigHorn/bighorn_hand_hide_01.wav" />
		<sample weight="1" path="BigHorn/bighorn_hand_hide_02.wav" />
		<sample weight="1" path="BigHorn/bighorn_hand_hide_03.wav" />
	</sound>
	<sound id="882">
		<sample weight="1" path="BigHorn/bighorn_hide.wav" />
	</sound>
	<sound id="883">
		<sample weight="1" path="BigHorn/bighorn_hurt_react.wav" />
	</sound>
	<sound id="884">
		<sample weight="1" path="BigHorn/bighorn_prep_spit.wav" />
	</sound>
	<sound id="885">
		<sample weight="1" path="BigHorn/bighorn_smallhole_close_01.wav" />
		<sample weight="1" path="BigHorn/bighorn_smallhole_close_02.wav" />
		<sample weight="1" path="BigHorn/bighorn_smallhole_close_03.wav" />
	</sound>
	<sound id="886">
		<sample weight="1" path="BigHorn/bighorn_smallhole_crack.wav" />
	</sound>
	<sound id="887">
		<sample weight="1" path="BigHorn/bighorn_smallhole_open_01.wav" />
		<sample weight="1" path="BigHorn/bighorn_smallhole_open_02.wav" />
		<sample weight="1" path="BigHorn/bighorn_smallhole_open_03.wav" />
	</sound>
	<sound id="888">
		<sample weight="1" path="BigHorn/bighorn_smallhole_shake.wav" />
	</sound>
	<sound id="889">
		<sample weight="1" path="BigHorn/bighorn_spit.wav" />
	</sound>
	<sound id="890">
		<sample weight="1" path="moms_box.wav" />
	</sound>
	<sound id="891">
		<sample weight="1" path="monstros_lung_barf_01.wav" />
		<sample weight="1" path="monstros_lung_barf_02.wav" />
	</sound>
	<sound id="892">
		<sample weight="1" path="movingbox_pack.wav" />
	</sound>
	<sound id="893">
		<sample weight="1" path="movingbox_unpack.wav" />
	</sound>
	<sound id="894">
		<sample weight="1" path="pandoras_box.wav" />
	</sound>
	<sound id="895">
		<sample weight="1" path="pause_freeze.wav" />
	</sound>
	<sound id="896">
		<sample weight="1" path="monstros_lung_charge.wav" />
	</sound>
	<sound id="897">
		<sample weight="1" path="plan_c.wav" />
	</sound>
	<sound id="898">
		<sample weight="1" path="portableslot_coin.wav" />
	</sound>
	<sound id="899">
		<sample weight="1" path="portableslot_prize.wav" />
	</sound>
	<sound id="900">
		<sample weight="1" path="bomb_fuse_fizzle.wav" />
	</sound>
	<sound id="901">
		<sample weight="1" path="butter_drop.wav" />
	</sound>
	<sound id="902">
		<sample weight="1" path="butter_land.wav" />
	</sound>
	<sound id="903">
		<sample weight="1" path="pride_zap.wav" />
	</sound>
	<sound id="904">
		<sample weight="1" path="rkey.wav" />
	</sound>
	<sound id="905">
		<sample weight="1" path="rubber_cement_01.wav" />
		<sample weight="1" path="rubber_cement_02.wav" />
		<sample weight="1" path="rubber_cement_03.wav" />
	</sound>
	<sound id="906">
		<sample weight="1" path="sharp_plug.wav" />
	</sound>
	<sound id="907">
		<sample weight="1" path="slipped_rib_deflect_01.wav" />
		<sample weight="1" path="slipped_rib_deflect_02.wav" />
		<sample weight="1" path="slipped_rib_deflect_03.wav" />
		<sample weight="1" path="slipped_rib_deflect_04.wav" />
		<sample weight="1" path="slipped_rib_deflect_05.wav" />
	</sound>
	<sound id="908">
		<sample weight="1" path="smelter_swallow.wav" />
	</sound>
	<sound id="909">
		<sample weight="1" path="telekenesis.wav" />
	</sound>
	<sound id="910">
		<sample weight="1" path="the_d6_roll.wav" />
	</sound>
	<sound id="911">
		<sample weight="1" path="thetick_burn.wav" />
	</sound>
	<sound id="912">
		<sample weight="1" path="undefined_teleport.wav" />
	</sound>
	<sound id="913">
		<sample weight="1" path="void_consumed.wav" />
	</sound>
	<sound id="914">
		<sample weight="1" path="yolisten_chime.wav" />
	</sound>
<!-- REPENTANCE+ END -->
</sounds>
